<?xml version="1.0" encoding="UTF-8"?>
<gpx creator="StravaGPX" version="1.1" schemaLocation="http://www.topografix.com/GPX/1/1 http://www.topografix.com/GPX/1/1/gpx.xsd" xmlns="http://www.topografix.com/GPX/1/1" xmlns:xsi="http://www.w3.org/2001/XMLSchema-instance" xsi:schemaLocation="http://www.topografix.com/GPX/1/1 http://www.topografix.com/GPX/1/1/gpx.xsd http://www.garmin.com/xmlschemas/GpxExtensions/v3 http://www.garmin.com/xmlschemas/GpxExtensionsv3.xsd http://www.garmin.com/xmlschemas/TrackPointExtension/v1 http://www.garmin.com/xmlschemas/TrackPointExtensionv1.xsd http://www.garmin.com/xmlschemas/PowerExtension/v1 http://www.garmin.com/xmlschemas/PowerExtensionv1.xsd http://www.topografix.com/GPX/gpx_style/0/2 http://www.topografix.com/GPX/gpx_style/0/2/gpx_style.xsd" xmlns:gpxtpx="http://www.garmin.com/xmlschemas/TrackPointExtension/v1" xmlns:gpxx="http://www.garmin.com/xmlschemas/GpxExtensions/v3" xmlns:gpxpx="http://www.garmin.com/xmlschemas/PowerExtension/v1" xmlns:gpx_style="http://www.topografix.com/GPX/gpx_style/0/2">
  <metadata>
    <name>Kraków_Zakopane</name>
    <author>
      <name>gpx.studio</name>
      <link href="https://gpx.studio"/>
    </author>
    <time>2026-05-10T03:56:19.000Z</time>
  </metadata>
  <trk>
    <name>Kraków - Zakopane</name>
    <type>cycling</type>
    <extensions>
      <gpx_style:line>
        <gpx_style:color>007bff</gpx_style:color>
      </gpx_style:line>
    </extensions>
    <trkseg>
      <trkpt lat="50.039794" lon="19.848621">
        <ele>207</ele>
        <time>2026-05-10T04:08:24.000Z</time>
      </trkpt>
      <trkpt lat="50.038519" lon="19.846812">
        <ele>206.9</ele>
        <time>2026-05-10T04:09:13.000Z</time>
      </trkpt>
      <trkpt lat="50.037328" lon="19.844825">
        <ele>207.2</ele>
        <time>2026-05-10T04:09:47.000Z</time>
      </trkpt>
      <trkpt lat="50.03667" lon="19.843552">
        <ele>207.2</ele>
        <time>2026-05-10T04:10:08.000Z</time>
      </trkpt>
      <trkpt lat="50.034819" lon="19.839357">
        <ele>207.4</ele>
        <time>2026-05-10T04:11:15.000Z</time>
      </trkpt>
      <trkpt lat="50.034471" lon="19.838314">
        <ele>207.3</ele>
        <time>2026-05-10T04:11:30.000Z</time>
      </trkpt>
      <trkpt lat="50.03418" lon="19.8369">
        <ele>207.3</ele>
        <time>2026-05-10T04:11:49.000Z</time>
      </trkpt>
      <trkpt lat="50.033847" lon="19.833781">
        <ele>207.2</ele>
        <time>2026-05-10T04:12:30.000Z</time>
      </trkpt>
      <trkpt lat="50.03358" lon="19.831499">
        <ele>207.4</ele>
        <time>2026-05-10T04:13:01.000Z</time>
      </trkpt>
      <trkpt lat="50.03343" lon="19.830841">
        <ele>207.2</ele>
        <time>2026-05-10T04:13:10.000Z</time>
      </trkpt>
      <trkpt lat="50.0326" lon="19.82845">
        <ele>207.3</ele>
        <time>2026-05-10T04:13:46.000Z</time>
      </trkpt>
      <trkpt lat="50.032383" lon="19.827229">
        <ele>203.6</ele>
        <time>2026-05-10T04:13:59.000Z</time>
      </trkpt>
      <trkpt lat="50.031741" lon="19.825292">
        <ele>202.8</ele>
        <time>2026-05-10T04:14:20.000Z</time>
      </trkpt>
      <trkpt lat="50.031276" lon="19.824338">
        <ele>203.8</ele>
        <time>2026-05-10T04:14:34.000Z</time>
      </trkpt>
      <trkpt lat="50.030911" lon="19.823139">
        <ele>203.9</ele>
        <time>2026-05-10T04:14:50.000Z</time>
      </trkpt>
      <trkpt lat="50.030371" lon="19.821853">
        <ele>203.8</ele>
        <time>2026-05-10T04:15:09.000Z</time>
      </trkpt>
      <trkpt lat="50.030094" lon="19.820412">
        <ele>204.3</ele>
        <time>2026-05-10T04:15:28.000Z</time>
      </trkpt>
      <trkpt lat="50.030079" lon="19.81962">
        <ele>204.5</ele>
        <time>2026-05-10T04:15:40.000Z</time>
      </trkpt>
      <trkpt lat="50.029684" lon="19.819095">
        <ele>204.5</ele>
        <time>2026-05-10T04:15:50.000Z</time>
      </trkpt>
      <trkpt lat="50.029414" lon="19.819097">
        <ele>205.1</ele>
        <time>2026-05-10T04:15:57.000Z</time>
      </trkpt>
      <trkpt lat="50.02897" lon="19.818898">
        <ele>208</ele>
        <time>2026-05-10T04:16:16.000Z</time>
      </trkpt>
      <trkpt lat="50.027565" lon="19.815345">
        <ele>208.4</ele>
        <time>2026-05-10T04:17:13.000Z</time>
      </trkpt>
      <trkpt lat="50.02716" lon="19.814129">
        <ele>208.4</ele>
        <time>2026-05-10T04:17:30.000Z</time>
      </trkpt>
      <trkpt lat="50.026761" lon="19.813353">
        <ele>208.3</ele>
        <time>2026-05-10T04:17:43.000Z</time>
      </trkpt>
      <trkpt lat="50.026405" lon="19.812224">
        <ele>208.4</ele>
        <time>2026-05-10T04:17:59.000Z</time>
      </trkpt>
      <trkpt lat="50.025732" lon="19.810794">
        <ele>208.4</ele>
        <time>2026-05-10T04:18:22.000Z</time>
      </trkpt>
      <trkpt lat="50.025467" lon="19.809973">
        <ele>208.5</ele>
        <time>2026-05-10T04:18:33.000Z</time>
      </trkpt>
      <trkpt lat="50.024328" lon="19.807227">
        <ele>209</ele>
        <time>2026-05-10T04:19:14.000Z</time>
      </trkpt>
      <trkpt lat="50.024042" lon="19.806726">
        <ele>208.9</ele>
        <time>2026-05-10T04:19:23.000Z</time>
      </trkpt>
      <trkpt lat="50.023064" lon="19.805528">
        <ele>209</ele>
        <time>2026-05-10T04:19:48.000Z</time>
      </trkpt>
      <trkpt lat="50.022741" lon="19.805235">
        <ele>209.1</ele>
        <time>2026-05-10T04:19:56.000Z</time>
      </trkpt>
      <trkpt lat="50.022107" lon="19.804821">
        <ele>208.8</ele>
        <time>2026-05-10T04:20:10.000Z</time>
      </trkpt>
      <trkpt lat="50.020978" lon="19.803199">
        <ele>205.6</ele>
        <time>2026-05-10T04:20:35.000Z</time>
      </trkpt>
      <trkpt lat="50.020136" lon="19.802169">
        <ele>205.4</ele>
        <time>2026-05-10T04:20:55.000Z</time>
      </trkpt>
      <trkpt lat="50.020074" lon="19.801785">
        <ele>204.2</ele>
        <time>2026-05-10T04:21:01.000Z</time>
      </trkpt>
      <trkpt lat="50.019801" lon="19.80148">
        <ele>203.9</ele>
        <time>2026-05-10T04:21:10.000Z</time>
      </trkpt>
      <trkpt lat="50.018942" lon="19.801121">
        <ele>203.7</ele>
        <time>2026-05-10T04:21:36.000Z</time>
      </trkpt>
      <trkpt lat="50.01848" lon="19.801178">
        <ele>203.6</ele>
        <time>2026-05-10T04:21:59.000Z</time>
      </trkpt>
      <trkpt lat="50.018102" lon="19.801326">
        <ele>204.5</ele>
        <time>2026-05-10T04:22:13.000Z</time>
      </trkpt>
      <trkpt lat="50.017235" lon="19.800975">
        <ele>204.7</ele>
        <time>2026-05-10T04:22:34.000Z</time>
      </trkpt>
      <trkpt lat="50.016783" lon="19.800651">
        <ele>205.1</ele>
        <time>2026-05-10T04:22:44.000Z</time>
      </trkpt>
      <trkpt lat="50.015925" lon="19.800693">
        <ele>209.3</ele>
        <time>2026-05-10T04:23:07.000Z</time>
      </trkpt>
      <trkpt lat="50.01508" lon="19.80033">
        <ele>209.2</ele>
        <time>2026-05-10T04:23:27.000Z</time>
      </trkpt>
      <trkpt lat="50.014498" lon="19.799922">
        <ele>209.2</ele>
        <time>2026-05-10T04:23:40.000Z</time>
      </trkpt>
      <trkpt lat="50.013873" lon="19.799307">
        <ele>209.1</ele>
        <time>2026-05-10T04:23:55.000Z</time>
      </trkpt>
      <trkpt lat="50.011526" lon="19.79622">
        <ele>209.3</ele>
        <time>2026-05-10T04:24:56.000Z</time>
      </trkpt>
      <trkpt lat="50.010965" lon="19.79578">
        <ele>209.3</ele>
        <time>2026-05-10T04:25:08.000Z</time>
      </trkpt>
      <trkpt lat="50.010418" lon="19.795589">
        <ele>209.3</ele>
        <time>2026-05-10T04:25:19.000Z</time>
      </trkpt>
      <trkpt lat="50.009658" lon="19.795611">
        <ele>209.4</ele>
        <time>2026-05-10T04:25:34.000Z</time>
      </trkpt>
      <trkpt lat="50.008854" lon="19.795973">
        <ele>209.8</ele>
        <time>2026-05-10T04:25:51.000Z</time>
      </trkpt>
      <trkpt lat="50.008152" lon="19.796092">
        <ele>207</ele>
        <time>2026-05-10T04:26:05.000Z</time>
      </trkpt>
      <trkpt lat="50.006934" lon="19.797112">
        <ele>209.7</ele>
        <time>2026-05-10T04:26:37.000Z</time>
      </trkpt>
      <trkpt lat="50.005318" lon="19.797365">
        <ele>209.5</ele>
        <time>2026-05-10T04:27:10.000Z</time>
      </trkpt>
      <trkpt lat="49.998992" lon="19.798797">
        <ele>210.4</ele>
        <time>2026-05-10T04:29:16.000Z</time>
      </trkpt>
      <trkpt lat="49.997576" lon="19.798836">
        <ele>210.4</ele>
        <time>2026-05-10T04:29:44.000Z</time>
      </trkpt>
      <trkpt lat="49.996421" lon="19.798453">
        <ele>210.3</ele>
        <time>2026-05-10T04:30:07.000Z</time>
      </trkpt>
      <trkpt lat="49.995664" lon="19.797976">
        <ele>210.2</ele>
        <time>2026-05-10T04:30:23.000Z</time>
      </trkpt>
      <trkpt lat="49.995147" lon="19.797979">
        <ele>210.2</ele>
        <time>2026-05-10T04:30:33.000Z</time>
      </trkpt>
      <trkpt lat="49.994872" lon="19.798171">
        <ele>210.1</ele>
        <time>2026-05-10T04:30:39.000Z</time>
      </trkpt>
      <trkpt lat="49.994623" lon="19.798573">
        <ele>210</ele>
        <time>2026-05-10T04:30:46.000Z</time>
      </trkpt>
      <trkpt lat="49.993554" lon="19.801161">
        <ele>210.3</ele>
        <time>2026-05-10T04:31:26.000Z</time>
      </trkpt>
      <trkpt lat="49.99345" lon="19.801208">
        <ele>210.5</ele>
        <time>2026-05-10T04:31:29.000Z</time>
      </trkpt>
      <trkpt lat="49.992086" lon="19.799781">
        <ele>210.5</ele>
        <time>2026-05-10T04:32:07.000Z</time>
      </trkpt>
      <trkpt lat="49.992434" lon="19.79883">
        <ele>209.6</ele>
        <time>2026-05-10T04:32:21.000Z</time>
      </trkpt>
      <trkpt lat="49.993012" lon="19.796437">
        <ele>210</ele>
        <time>2026-05-10T04:32:53.000Z</time>
      </trkpt>
      <trkpt lat="49.993081" lon="19.796044">
        <ele>210.2</ele>
        <time>2026-05-10T04:32:58.000Z</time>
      </trkpt>
      <trkpt lat="49.993049" lon="19.795802">
        <ele>210.3</ele>
        <time>2026-05-10T04:33:01.000Z</time>
      </trkpt>
      <trkpt lat="49.992409" lon="19.79468">
        <ele>210.3</ele>
        <time>2026-05-10T04:33:19.000Z</time>
      </trkpt>
      <trkpt lat="49.991191" lon="19.791902">
        <ele>210.5</ele>
        <time>2026-05-10T04:34:01.000Z</time>
      </trkpt>
      <trkpt lat="49.99062" lon="19.790853">
        <ele>210.6</ele>
        <time>2026-05-10T04:34:18.000Z</time>
      </trkpt>
      <trkpt lat="49.990044" lon="19.790096">
        <ele>210.8</ele>
        <time>2026-05-10T04:34:33.000Z</time>
      </trkpt>
      <trkpt lat="49.989142" lon="19.78937">
        <ele>210.7</ele>
        <time>2026-05-10T04:34:53.000Z</time>
      </trkpt>
      <trkpt lat="49.988567" lon="19.789064">
        <ele>210.6</ele>
        <time>2026-05-10T04:35:05.000Z</time>
      </trkpt>
      <trkpt lat="49.986487" lon="19.788325">
        <ele>210.6</ele>
        <time>2026-05-10T04:35:46.000Z</time>
      </trkpt>
      <trkpt lat="49.985318" lon="19.78764">
        <ele>210.8</ele>
        <time>2026-05-10T04:36:13.000Z</time>
      </trkpt>
      <trkpt lat="49.984171" lon="19.786444">
        <ele>210.4</ele>
        <time>2026-05-10T04:36:43.000Z</time>
      </trkpt>
      <trkpt lat="49.98346" lon="19.785304">
        <ele>210.2</ele>
        <time>2026-05-10T04:37:04.000Z</time>
      </trkpt>
      <trkpt lat="49.983218" lon="19.785144">
        <ele>210.1</ele>
        <time>2026-05-10T04:37:09.000Z</time>
      </trkpt>
      <trkpt lat="49.977537" lon="19.784178">
        <ele>211.2</ele>
        <time>2026-05-10T04:38:59.000Z</time>
      </trkpt>
      <trkpt lat="49.976937" lon="19.784169">
        <ele>212</ele>
        <time>2026-05-10T04:39:10.000Z</time>
      </trkpt>
      <trkpt lat="49.976196" lon="19.784448">
        <ele>212.6</ele>
        <time>2026-05-10T04:39:28.000Z</time>
      </trkpt>
      <trkpt lat="49.975767" lon="19.784262">
        <ele>210.9</ele>
        <time>2026-05-10T04:39:39.000Z</time>
      </trkpt>
      <trkpt lat="49.97544" lon="19.786995">
        <ele>214.3</ele>
        <time>2026-05-10T04:40:18.000Z</time>
      </trkpt>
      <trkpt lat="49.975343" lon="19.78716">
        <ele>214.4</ele>
        <time>2026-05-10T04:40:21.000Z</time>
      </trkpt>
      <trkpt lat="49.972908" lon="19.7864">
        <ele>214.1</ele>
        <time>2026-05-10T04:41:03.000Z</time>
      </trkpt>
      <trkpt lat="49.972516" lon="19.786177">
        <ele>215</ele>
        <time>2026-05-10T04:41:13.000Z</time>
      </trkpt>
      <trkpt lat="49.972688" lon="19.786805">
        <ele>215.1</ele>
        <time>2026-05-10T04:41:26.000Z</time>
      </trkpt>
      <trkpt lat="49.973488" lon="19.789171">
        <ele>215.1</ele>
        <time>2026-05-10T04:42:03.000Z</time>
      </trkpt>
      <trkpt lat="49.974002" lon="19.789549">
        <ele>215.1</ele>
        <time>2026-05-10T04:42:15.000Z</time>
      </trkpt>
      <trkpt lat="49.974474" lon="19.790262">
        <ele>217.7</ele>
        <time>2026-05-10T04:42:31.000Z</time>
      </trkpt>
      <trkpt lat="49.974433" lon="19.790326">
        <ele>218.1</ele>
        <time>2026-05-10T04:42:34.000Z</time>
      </trkpt>
      <trkpt lat="49.974128" lon="19.789826">
        <ele>220.4</ele>
        <time>2026-05-10T04:42:47.000Z</time>
      </trkpt>
      <trkpt lat="49.973563" lon="19.789377">
        <ele>223.8</ele>
        <time>2026-05-10T04:43:06.000Z</time>
      </trkpt>
      <trkpt lat="49.973119" lon="19.78909">
        <ele>225.5</ele>
        <time>2026-05-10T04:43:20.000Z</time>
      </trkpt>
      <trkpt lat="49.972455" lon="19.788941">
        <ele>225.8</ele>
        <time>2026-05-10T04:43:37.000Z</time>
      </trkpt>
      <trkpt lat="49.971898" lon="19.789025">
        <ele>224.8</ele>
        <time>2026-05-10T04:43:48.000Z</time>
      </trkpt>
      <trkpt lat="49.970762" lon="19.789418">
        <ele>222</ele>
        <time>2026-05-10T04:44:09.000Z</time>
      </trkpt>
      <trkpt lat="49.970562" lon="19.789392">
        <ele>221.8</ele>
        <time>2026-05-10T04:44:12.000Z</time>
      </trkpt>
      <trkpt lat="49.970364" lon="19.789136">
        <ele>221.7</ele>
        <time>2026-05-10T04:44:17.000Z</time>
      </trkpt>
      <trkpt lat="49.970049" lon="19.789383">
        <ele>221.8</ele>
        <time>2026-05-10T04:44:24.000Z</time>
      </trkpt>
      <trkpt lat="49.969803" lon="19.789741">
        <ele>222</ele>
        <time>2026-05-10T04:44:31.000Z</time>
      </trkpt>
      <trkpt lat="49.968737" lon="19.790048">
        <ele>221</ele>
        <time>2026-05-10T04:44:52.000Z</time>
      </trkpt>
      <trkpt lat="49.9684" lon="19.790013">
        <ele>221.2</ele>
        <time>2026-05-10T04:44:58.000Z</time>
      </trkpt>
      <trkpt lat="49.96754" lon="19.79027">
        <ele>224.1</ele>
        <time>2026-05-10T04:45:19.000Z</time>
      </trkpt>
      <trkpt lat="49.966858" lon="19.790307">
        <ele>225.2</ele>
        <time>2026-05-10T04:45:36.000Z</time>
      </trkpt>
      <trkpt lat="49.966099" lon="19.790194">
        <ele>222.4</ele>
        <time>2026-05-10T04:45:50.000Z</time>
      </trkpt>
      <trkpt lat="49.965234" lon="19.789867">
        <ele>219.5</ele>
        <time>2026-05-10T04:46:03.000Z</time>
      </trkpt>
      <trkpt lat="49.964915" lon="19.789629">
        <ele>220</ele>
        <time>2026-05-10T04:46:09.000Z</time>
      </trkpt>
      <trkpt lat="49.964355" lon="19.788627">
        <ele>222.3</ele>
        <time>2026-05-10T04:46:30.000Z</time>
      </trkpt>
      <trkpt lat="49.964151" lon="19.788628">
        <ele>221.6</ele>
        <time>2026-05-10T04:46:34.000Z</time>
      </trkpt>
      <trkpt lat="49.963718" lon="19.789005">
        <ele>221.6</ele>
        <time>2026-05-10T04:46:44.000Z</time>
      </trkpt>
      <trkpt lat="49.963411" lon="19.789012">
        <ele>222.2</ele>
        <time>2026-05-10T04:46:51.000Z</time>
      </trkpt>
      <trkpt lat="49.962728" lon="19.788553">
        <ele>223.7</ele>
        <time>2026-05-10T04:47:08.000Z</time>
      </trkpt>
      <trkpt lat="49.96231" lon="19.788468">
        <ele>225.1</ele>
        <time>2026-05-10T04:47:19.000Z</time>
      </trkpt>
      <trkpt lat="49.962014" lon="19.788359">
        <ele>226.2</ele>
        <time>2026-05-10T04:47:27.000Z</time>
      </trkpt>
      <trkpt lat="49.960559" lon="19.787545">
        <ele>233.5</ele>
        <time>2026-05-10T04:48:18.000Z</time>
      </trkpt>
      <trkpt lat="49.959684" lon="19.787106">
        <ele>236.8</ele>
        <time>2026-05-10T04:48:48.000Z</time>
      </trkpt>
      <trkpt lat="49.958906" lon="19.78682">
        <ele>240.8</ele>
        <time>2026-05-10T04:49:12.000Z</time>
      </trkpt>
      <trkpt lat="49.958683" lon="19.78663">
        <ele>242.1</ele>
        <time>2026-05-10T04:49:20.000Z</time>
      </trkpt>
      <trkpt lat="49.958454" lon="19.786216">
        <ele>242.8</ele>
        <time>2026-05-10T04:49:30.000Z</time>
      </trkpt>
      <trkpt lat="49.957756" lon="19.786163">
        <ele>245</ele>
        <time>2026-05-10T04:49:51.000Z</time>
      </trkpt>
      <trkpt lat="49.957213" lon="19.785837">
        <ele>248.5</ele>
        <time>2026-05-10T04:50:13.000Z</time>
      </trkpt>
      <trkpt lat="49.955892" lon="19.785457">
        <ele>257.2</ele>
        <time>2026-05-10T04:51:03.000Z</time>
      </trkpt>
      <trkpt lat="49.955534" lon="19.785234">
        <ele>259.8</ele>
        <time>2026-05-10T04:51:20.000Z</time>
      </trkpt>
      <trkpt lat="49.954901" lon="19.78539">
        <ele>263.5</ele>
        <time>2026-05-10T04:51:43.000Z</time>
      </trkpt>
      <trkpt lat="49.954368" lon="19.785272">
        <ele>265.9</ele>
        <time>2026-05-10T04:51:59.000Z</time>
      </trkpt>
      <trkpt lat="49.954077" lon="19.785366">
        <ele>265.9</ele>
        <time>2026-05-10T04:52:08.000Z</time>
      </trkpt>
      <trkpt lat="49.953535" lon="19.786072">
        <ele>262</ele>
        <time>2026-05-10T04:52:21.000Z</time>
      </trkpt>
      <trkpt lat="49.952226" lon="19.787282">
        <ele>253.1</ele>
        <time>2026-05-10T04:52:40.000Z</time>
      </trkpt>
      <trkpt lat="49.950529" lon="19.789457">
        <ele>240.7</ele>
        <time>2026-05-10T04:53:09.000Z</time>
      </trkpt>
      <trkpt lat="49.950711" lon="19.790031">
        <ele>240.5</ele>
        <time>2026-05-10T04:53:20.000Z</time>
      </trkpt>
      <trkpt lat="49.950701" lon="19.790472">
        <ele>240.2</ele>
        <time>2026-05-10T04:53:27.000Z</time>
      </trkpt>
      <trkpt lat="49.951069" lon="19.790836">
        <ele>241.1</ele>
        <time>2026-05-10T04:53:38.000Z</time>
      </trkpt>
      <trkpt lat="49.951516" lon="19.791585">
        <ele>244</ele>
        <time>2026-05-10T04:53:58.000Z</time>
      </trkpt>
      <trkpt lat="49.951226" lon="19.792343">
        <ele>239.9</ele>
        <time>2026-05-10T04:54:10.000Z</time>
      </trkpt>
      <trkpt lat="49.951078" lon="19.793055">
        <ele>234.6</ele>
        <time>2026-05-10T04:54:17.000Z</time>
      </trkpt>
      <trkpt lat="49.950618" lon="19.79396">
        <ele>229.5</ele>
        <time>2026-05-10T04:54:27.000Z</time>
      </trkpt>
      <trkpt lat="49.950486" lon="19.79459">
        <ele>227.9</ele>
        <time>2026-05-10T04:54:33.000Z</time>
      </trkpt>
      <trkpt lat="49.950503" lon="19.79539">
        <ele>227</ele>
        <time>2026-05-10T04:54:41.000Z</time>
      </trkpt>
      <trkpt lat="49.950593" lon="19.795958">
        <ele>227.5</ele>
        <time>2026-05-10T04:54:48.000Z</time>
      </trkpt>
      <trkpt lat="49.950475" lon="19.796316">
        <ele>227.4</ele>
        <time>2026-05-10T04:54:54.000Z</time>
      </trkpt>
      <trkpt lat="49.950606" lon="19.797226">
        <ele>226.8</ele>
        <time>2026-05-10T04:55:06.000Z</time>
      </trkpt>
      <trkpt lat="49.950519" lon="19.797865">
        <ele>226.5</ele>
        <time>2026-05-10T04:55:14.000Z</time>
      </trkpt>
      <trkpt lat="49.950905" lon="19.799841">
        <ele>225.2</ele>
        <time>2026-05-10T04:55:39.000Z</time>
      </trkpt>
      <trkpt lat="49.950959" lon="19.80085">
        <ele>225.4</ele>
        <time>2026-05-10T04:55:53.000Z</time>
      </trkpt>
      <trkpt lat="49.949315" lon="19.801041">
        <ele>225.8</ele>
        <time>2026-05-10T04:56:28.000Z</time>
      </trkpt>
      <trkpt lat="49.948059" lon="19.801443">
        <ele>224</ele>
        <time>2026-05-10T04:56:51.000Z</time>
      </trkpt>
      <trkpt lat="49.947778" lon="19.801757">
        <ele>223.5</ele>
        <time>2026-05-10T04:56:57.000Z</time>
      </trkpt>
      <trkpt lat="49.947105" lon="19.802869">
        <ele>223.1</ele>
        <time>2026-05-10T04:57:14.000Z</time>
      </trkpt>
      <trkpt lat="49.945818" lon="19.803802">
        <ele>221.8</ele>
        <time>2026-05-10T04:57:39.000Z</time>
      </trkpt>
      <trkpt lat="49.945056" lon="19.80411">
        <ele>221.7</ele>
        <time>2026-05-10T04:57:54.000Z</time>
      </trkpt>
      <trkpt lat="49.944143" lon="19.805016">
        <ele>220.9</ele>
        <time>2026-05-10T04:58:15.000Z</time>
      </trkpt>
      <trkpt lat="49.943338" lon="19.806043">
        <ele>220.5</ele>
        <time>2026-05-10T04:58:35.000Z</time>
      </trkpt>
      <trkpt lat="49.942614" lon="19.806672">
        <ele>220.5</ele>
        <time>2026-05-10T04:58:51.000Z</time>
      </trkpt>
      <trkpt lat="49.941423" lon="19.80712">
        <ele>220.6</ele>
        <time>2026-05-10T04:59:17.000Z</time>
      </trkpt>
      <trkpt lat="49.940898" lon="19.807515">
        <ele>220.2</ele>
        <time>2026-05-10T04:59:28.000Z</time>
      </trkpt>
      <trkpt lat="49.939891" lon="19.807943">
        <ele>220.8</ele>
        <time>2026-05-10T04:59:48.000Z</time>
      </trkpt>
      <trkpt lat="49.939174" lon="19.807319">
        <ele>221.3</ele>
        <time>2026-05-10T05:00:09.000Z</time>
      </trkpt>
      <trkpt lat="49.938228" lon="19.807241">
        <ele>221.4</ele>
        <time>2026-05-10T05:00:29.000Z</time>
      </trkpt>
      <trkpt lat="49.937508" lon="19.807313">
        <ele>221.5</ele>
        <time>2026-05-10T05:00:44.000Z</time>
      </trkpt>
      <trkpt lat="49.936322" lon="19.808072">
        <ele>221.8</ele>
        <time>2026-05-10T05:01:10.000Z</time>
      </trkpt>
      <trkpt lat="49.936004" lon="19.808419">
        <ele>221.7</ele>
        <time>2026-05-10T05:01:18.000Z</time>
      </trkpt>
      <trkpt lat="49.935769" lon="19.808977">
        <ele>221.9</ele>
        <time>2026-05-10T05:01:28.000Z</time>
      </trkpt>
      <trkpt lat="49.934881" lon="19.809524">
        <ele>222.3</ele>
        <time>2026-05-10T05:01:48.000Z</time>
      </trkpt>
      <trkpt lat="49.933796" lon="19.809734">
        <ele>224</ele>
        <time>2026-05-10T05:02:11.000Z</time>
      </trkpt>
      <trkpt lat="49.933592" lon="19.809668">
        <ele>224.8</ele>
        <time>2026-05-10T05:02:16.000Z</time>
      </trkpt>
      <trkpt lat="49.93346" lon="19.80947">
        <ele>225.3</ele>
        <time>2026-05-10T05:02:23.000Z</time>
      </trkpt>
      <trkpt lat="49.932966" lon="19.809901">
        <ele>225.5</ele>
        <time>2026-05-10T05:02:35.000Z</time>
      </trkpt>
      <trkpt lat="49.932442" lon="19.81002">
        <ele>225.4</ele>
        <time>2026-05-10T05:02:46.000Z</time>
      </trkpt>
      <trkpt lat="49.931185" lon="19.809707">
        <ele>225.5</ele>
        <time>2026-05-10T05:03:11.000Z</time>
      </trkpt>
      <trkpt lat="49.930752" lon="19.809336">
        <ele>223.9</ele>
        <time>2026-05-10T05:03:18.000Z</time>
      </trkpt>
      <trkpt lat="49.929906" lon="19.808908">
        <ele>222.6</ele>
        <time>2026-05-10T05:03:31.000Z</time>
      </trkpt>
      <trkpt lat="49.92911" lon="19.808578">
        <ele>222.9</ele>
        <time>2026-05-10T05:03:46.000Z</time>
      </trkpt>
      <trkpt lat="49.928368" lon="19.808501">
        <ele>223.3</ele>
        <time>2026-05-10T05:04:01.000Z</time>
      </trkpt>
      <trkpt lat="49.927653" lon="19.808123">
        <ele>226.2</ele>
        <time>2026-05-10T05:04:18.000Z</time>
      </trkpt>
      <trkpt lat="49.927587" lon="19.808207">
        <ele>226.7</ele>
        <time>2026-05-10T05:04:20.000Z</time>
      </trkpt>
      <trkpt lat="49.927423" lon="19.808165">
        <ele>227.8</ele>
        <time>2026-05-10T05:04:26.000Z</time>
      </trkpt>
      <trkpt lat="49.926475" lon="19.807604">
        <ele>229.9</ele>
        <time>2026-05-10T05:04:46.499Z</time>
      </trkpt>
      <trkpt lat="49.926475" lon="19.807604">
        <ele>229.46312243416958</ele>
        <time>2026-05-10T05:04:46.499Z</time>
      </trkpt>
      <trkpt lat="49.926027414834635" lon="19.807671023888222">
        <ele>231.20348370219648</ele>
        <time>2026-05-10T05:04:55.585Z</time>
      </trkpt>
      <trkpt lat="49.92557982966926" lon="19.807738047776443">
        <ele>234.18959932569462</ele>
        <time>2026-05-10T05:05:04.671Z</time>
      </trkpt>
      <trkpt lat="49.925152628944204" lon="19.807802019185374">
        <ele>231.70784283231103</ele>
        <time>2026-05-10T05:05:13.343Z</time>
      </trkpt>
      <trkpt lat="49.92470398613471" lon="19.80775506242812">
        <ele>229.4649003423953</ele>
        <time>2026-05-10T05:05:22.429Z</time>
      </trkpt>
      <trkpt lat="49.924255343325214" lon="19.80770810567087">
        <ele>229.24409510508892</ele>
        <time>2026-05-10T05:05:31.515Z</time>
      </trkpt>
      <trkpt lat="49.92380670051572" lon="19.807661148913617">
        <ele>232.0086352853499</ele>
        <time>2026-05-10T05:05:40.601Z</time>
      </trkpt>
      <trkpt lat="49.92335805770623" lon="19.807614192156368">
        <ele>234.22662075015484</ele>
        <time>2026-05-10T05:05:49.687Z</time>
      </trkpt>
      <trkpt lat="49.922909414896736" lon="19.807567235399116">
        <ele>235.04037211733026</ele>
        <time>2026-05-10T05:05:58.773Z</time>
      </trkpt>
      <trkpt lat="49.92280566239904" lon="19.807556376246254">
        <ele>235.35805559657692</ele>
        <time>2026-05-10T05:06:00.874Z</time>
      </trkpt>
      <trkpt lat="49.92280566239904" lon="19.807556376246254">
        <ele>235.35805559657692</ele>
        <time>2026-05-10T05:06:00.874Z</time>
      </trkpt>
      <trkpt lat="49.92235731556987" lon="19.80750303619183">
        <ele>235.54551903809713</ele>
        <time>2026-05-10T05:06:15.524Z</time>
      </trkpt>
      <trkpt lat="49.9219089687407" lon="19.8074496961374">
        <ele>235.37027706425292</ele>
        <time>2026-05-10T05:06:25.192Z</time>
      </trkpt>
      <trkpt lat="49.92146062191153" lon="19.807396356082975">
        <ele>235.72454515325956</ele>
        <time>2026-05-10T05:06:34.860Z</time>
      </trkpt>
      <trkpt lat="49.921012275082354" lon="19.80734301602855">
        <ele>235.24163188554843</ele>
        <time>2026-05-10T05:06:44.528Z</time>
      </trkpt>
      <trkpt lat="49.92056392825319" lon="19.807289675974122">
        <ele>234.6970422950195</ele>
        <time>2026-05-10T05:06:54.196Z</time>
      </trkpt>
      <trkpt lat="49.920115581424014" lon="19.807236335919697">
        <ele>234.90019037210973</ele>
        <time>2026-05-10T05:07:03.864Z</time>
      </trkpt>
      <trkpt lat="49.919869" lon="19.807207">
        <ele>234.96876359111673</ele>
        <time>2026-05-10T05:07:09.181Z</time>
      </trkpt>
      <trkpt lat="49.919869" lon="19.807207">
        <ele>235.2</ele>
        <time>2026-05-10T05:07:09.181Z</time>
      </trkpt>
      <trkpt lat="49.919282" lon="19.807398">
        <ele>235.1</ele>
        <time>2026-05-10T05:07:23.000Z</time>
      </trkpt>
      <trkpt lat="49.918631" lon="19.807439">
        <ele>234</ele>
        <time>2026-05-10T05:07:36.000Z</time>
      </trkpt>
      <trkpt lat="49.918503" lon="19.807577">
        <ele>233.7</ele>
        <time>2026-05-10T05:07:39.000Z</time>
      </trkpt>
      <trkpt lat="49.918414" lon="19.808183">
        <ele>231.6</ele>
        <time>2026-05-10T05:07:46.000Z</time>
      </trkpt>
      <trkpt lat="49.918096" lon="19.808148">
        <ele>230.9</ele>
        <time>2026-05-10T05:07:52.000Z</time>
      </trkpt>
      <trkpt lat="49.917475" lon="19.808451">
        <ele>230.7</ele>
        <time>2026-05-10T05:08:04.000Z</time>
      </trkpt>
      <trkpt lat="49.915647" lon="19.80825">
        <ele>230.2</ele>
        <time>2026-05-10T05:08:38.000Z</time>
      </trkpt>
      <trkpt lat="49.915303" lon="19.808477">
        <ele>229.8</ele>
        <time>2026-05-10T05:08:45.000Z</time>
      </trkpt>
      <trkpt lat="49.914203" lon="19.809693">
        <ele>227.1</ele>
        <time>2026-05-10T05:09:07.000Z</time>
      </trkpt>
      <trkpt lat="49.913071" lon="19.811205">
        <ele>227.2</ele>
        <time>2026-05-10T05:09:35.000Z</time>
      </trkpt>
      <trkpt lat="49.912018" lon="19.812492">
        <ele>227.1</ele>
        <time>2026-05-10T05:10:02.000Z</time>
      </trkpt>
      <trkpt lat="49.911243" lon="19.813287">
        <ele>227.2</ele>
        <time>2026-05-10T05:10:20.000Z</time>
      </trkpt>
      <trkpt lat="49.910906" lon="19.813802">
        <ele>227.5</ele>
        <time>2026-05-10T05:10:29.000Z</time>
      </trkpt>
      <trkpt lat="49.907284" lon="19.818247">
        <ele>228.5</ele>
        <time>2026-05-10T05:12:03.000Z</time>
      </trkpt>
      <trkpt lat="49.906894" lon="19.81903">
        <ele>227.8</ele>
        <time>2026-05-10T05:12:14.000Z</time>
      </trkpt>
      <trkpt lat="49.90532" lon="19.823161">
        <ele>229</ele>
        <time>2026-05-10T05:13:19.000Z</time>
      </trkpt>
      <trkpt lat="49.903925" lon="19.826347">
        <ele>234.6</ele>
        <time>2026-05-10T05:14:21.000Z</time>
      </trkpt>
      <trkpt lat="49.902542" lon="19.830233">
        <ele>232.2</ele>
        <time>2026-05-10T05:15:13.000Z</time>
      </trkpt>
      <trkpt lat="49.902018" lon="19.831489">
        <ele>232.7</ele>
        <time>2026-05-10T05:15:32.000Z</time>
      </trkpt>
      <trkpt lat="49.901046" lon="19.833128">
        <ele>233.4</ele>
        <time>2026-05-10T05:16:03.000Z</time>
      </trkpt>
      <trkpt lat="49.899475" lon="19.8354">
        <ele>240.2</ele>
        <time>2026-05-10T05:17:00.000Z</time>
      </trkpt>
      <trkpt lat="49.897251" lon="19.838468">
        <ele>254.5</ele>
        <time>2026-05-10T05:18:34.000Z</time>
      </trkpt>
      <trkpt lat="49.895595" lon="19.839418">
        <ele>259.6</ele>
        <time>2026-05-10T05:19:56.000Z</time>
      </trkpt>
      <trkpt lat="49.89459" lon="19.839458">
        <ele>263.8</ele>
        <time>2026-05-10T05:20:27.000Z</time>
      </trkpt>
      <trkpt lat="49.894002" lon="19.839325">
        <ele>267.3</ele>
        <time>2026-05-10T05:20:44.000Z</time>
      </trkpt>
      <trkpt lat="49.893289" lon="19.839526">
        <ele>272.9</ele>
        <time>2026-05-10T05:21:12.000Z</time>
      </trkpt>
      <trkpt lat="49.892751" lon="19.839921">
        <ele>279.5</ele>
        <time>2026-05-10T05:21:43.000Z</time>
      </trkpt>
      <trkpt lat="49.892135" lon="19.841162">
        <ele>290</ele>
        <time>2026-05-10T05:22:30.000Z</time>
      </trkpt>
      <trkpt lat="49.891799" lon="19.841648">
        <ele>292.7</ele>
        <time>2026-05-10T05:22:49.000Z</time>
      </trkpt>
      <trkpt lat="49.891013" lon="19.842047">
        <ele>294.5</ele>
        <time>2026-05-10T05:23:17.000Z</time>
      </trkpt>
      <trkpt lat="49.890587" lon="19.843199">
        <ele>293.1</ele>
        <time>2026-05-10T05:23:41.000Z</time>
      </trkpt>
      <trkpt lat="49.889439" lon="19.844784">
        <ele>295.4</ele>
        <time>2026-05-10T05:24:18.000Z</time>
      </trkpt>
      <trkpt lat="49.888747" lon="19.846289">
        <ele>297.1</ele>
        <time>2026-05-10T05:24:49.000Z</time>
      </trkpt>
      <trkpt lat="49.888339" lon="19.846924">
        <ele>295</ele>
        <time>2026-05-10T05:25:00.000Z</time>
      </trkpt>
      <trkpt lat="49.88724" lon="19.849196">
        <ele>293.4</ele>
        <time>2026-05-10T05:25:32.000Z</time>
      </trkpt>
      <trkpt lat="49.886795" lon="19.849859">
        <ele>293.7</ele>
        <time>2026-05-10T05:25:44.000Z</time>
      </trkpt>
      <trkpt lat="49.886534" lon="19.850416">
        <ele>294.3</ele>
        <time>2026-05-10T05:25:55.000Z</time>
      </trkpt>
      <trkpt lat="49.884574" lon="19.853243">
        <ele>304.6</ele>
        <time>2026-05-10T05:27:11.000Z</time>
      </trkpt>
      <trkpt lat="49.88378" lon="19.853887">
        <ele>310.3</ele>
        <time>2026-05-10T05:27:43.000Z</time>
      </trkpt>
      <trkpt lat="49.883376" lon="19.855369">
        <ele>307.8</ele>
        <time>2026-05-10T05:28:07.000Z</time>
      </trkpt>
      <trkpt lat="49.883191" lon="19.855784">
        <ele>304.7</ele>
        <time>2026-05-10T05:28:12.000Z</time>
      </trkpt>
      <trkpt lat="49.882605" lon="19.856359">
        <ele>303.3</ele>
        <time>2026-05-10T05:28:21.000Z</time>
      </trkpt>
      <trkpt lat="49.882301" lon="19.856912">
        <ele>306.7</ele>
        <time>2026-05-10T05:28:34.000Z</time>
      </trkpt>
      <trkpt lat="49.882048" lon="19.857073">
        <ele>308.3</ele>
        <time>2026-05-10T05:28:43.000Z</time>
      </trkpt>
      <trkpt lat="49.881712" lon="19.857588">
        <ele>312.1</ele>
        <time>2026-05-10T05:29:00.000Z</time>
      </trkpt>
      <trkpt lat="49.881472" lon="19.85843">
        <ele>319.4</ele>
        <time>2026-05-10T05:29:26.000Z</time>
      </trkpt>
      <trkpt lat="49.881284" lon="19.858744">
        <ele>321.4</ele>
        <time>2026-05-10T05:29:37.000Z</time>
      </trkpt>
      <trkpt lat="49.881224" lon="19.859615">
        <ele>322.9</ele>
        <time>2026-05-10T05:29:56.000Z</time>
      </trkpt>
      <trkpt lat="49.881113" lon="19.860062">
        <ele>323.2</ele>
        <time>2026-05-10T05:30:05.000Z</time>
      </trkpt>
      <trkpt lat="49.880409" lon="19.861536">
        <ele>327</ele>
        <time>2026-05-10T05:30:39.000Z</time>
      </trkpt>
      <trkpt lat="49.87981" lon="19.862173">
        <ele>330.9</ele>
        <time>2026-05-10T05:31:03.000Z</time>
      </trkpt>
      <trkpt lat="49.878791" lon="19.863512">
        <ele>329.8</ele>
        <time>2026-05-10T05:31:34.000Z</time>
      </trkpt>
      <trkpt lat="49.878513" lon="19.864188">
        <ele>329.3</ele>
        <time>2026-05-10T05:31:43.000Z</time>
      </trkpt>
      <trkpt lat="49.878527" lon="19.86447">
        <ele>329.2</ele>
        <time>2026-05-10T05:31:46.000Z</time>
      </trkpt>
      <trkpt lat="49.878038" lon="19.86564">
        <ele>328</ele>
        <time>2026-05-10T05:32:01.000Z</time>
      </trkpt>
      <trkpt lat="49.877996" lon="19.865983">
        <ele>328.2</ele>
        <time>2026-05-10T05:32:05.000Z</time>
      </trkpt>
      <trkpt lat="49.878347" lon="19.868921">
        <ele>326.1</ele>
        <time>2026-05-10T05:32:40.000Z</time>
      </trkpt>
      <trkpt lat="49.879043" lon="19.872746">
        <ele>326.2</ele>
        <time>2026-05-10T05:33:26.000Z</time>
      </trkpt>
      <trkpt lat="49.879039" lon="19.874631">
        <ele>327</ele>
        <time>2026-05-10T05:33:56.000Z</time>
      </trkpt>
      <trkpt lat="49.878838" lon="19.876443">
        <ele>322.8</ele>
        <time>2026-05-10T05:34:26.000Z</time>
      </trkpt>
      <trkpt lat="49.878974" lon="19.878458">
        <ele>315.4</ele>
        <time>2026-05-10T05:34:46.000Z</time>
      </trkpt>
      <trkpt lat="49.87874" lon="19.879115">
        <ele>314.7</ele>
        <time>2026-05-10T05:34:57.000Z</time>
      </trkpt>
      <trkpt lat="49.87866" lon="19.879583">
        <ele>314.1</ele>
        <time>2026-05-10T05:35:04.000Z</time>
      </trkpt>
      <trkpt lat="49.878643" lon="19.880595">
        <ele>312.4</ele>
        <time>2026-05-10T05:35:17.000Z</time>
      </trkpt>
      <trkpt lat="49.879246" lon="19.884197">
        <ele>311.9</ele>
        <time>2026-05-10T05:36:06.000Z</time>
      </trkpt>
      <trkpt lat="49.879388" lon="19.884102">
        <ele>311.9</ele>
        <time>2026-05-10T05:36:39.000Z</time>
      </trkpt>
      <trkpt lat="49.87957" lon="19.884197">
        <ele>311</ele>
        <time>2026-05-10T05:36:56.000Z</time>
      </trkpt>
      <trkpt lat="49.8806" lon="19.888962">
        <ele>315.8</ele>
        <time>2026-05-10T05:38:07.000Z</time>
      </trkpt>
      <trkpt lat="49.880659" lon="19.890086">
        <ele>315.3</ele>
        <time>2026-05-10T05:38:22.000Z</time>
      </trkpt>
      <trkpt lat="49.880621" lon="19.890868">
        <ele>313.5</ele>
        <time>2026-05-10T05:38:32.000Z</time>
      </trkpt>
      <trkpt lat="49.88024" lon="19.892698">
        <ele>305.4</ele>
        <time>2026-05-10T05:38:51.000Z</time>
      </trkpt>
      <trkpt lat="49.879866" lon="19.893923">
        <ele>299.7</ele>
        <time>2026-05-10T05:39:04.000Z</time>
      </trkpt>
      <trkpt lat="49.878987" lon="19.896275">
        <ele>285</ele>
        <time>2026-05-10T05:39:30.000Z</time>
      </trkpt>
      <trkpt lat="49.878877" lon="19.896845">
        <ele>282.2</ele>
        <time>2026-05-10T05:39:34.000Z</time>
      </trkpt>
      <trkpt lat="49.878343" lon="19.898425">
        <ele>278</ele>
        <time>2026-05-10T05:39:48.000Z</time>
      </trkpt>
      <trkpt lat="49.877672" lon="19.901963">
        <ele>269.8</ele>
        <time>2026-05-10T05:40:18.000Z</time>
      </trkpt>
      <trkpt lat="49.877594" lon="19.902683">
        <ele>268.6</ele>
        <time>2026-05-10T05:40:25.672Z</time>
      </trkpt>
      <trkpt lat="49.877594" lon="19.902683">
        <ele>270.582725485373</ele>
        <time>2026-05-10T05:40:25.672Z</time>
      </trkpt>
      <trkpt lat="49.87733735289455" lon="19.903255938313425">
        <ele>272.0142936316789</ele>
        <time>2026-05-10T05:40:33.004Z</time>
      </trkpt>
      <trkpt lat="49.8770807057891" lon="19.90382887662685">
        <ele>271.3837332293397</ele>
        <time>2026-05-10T05:40:40.336Z</time>
      </trkpt>
      <trkpt lat="49.876824058683646" lon="19.904401814940275">
        <ele>272.31127391834843</ele>
        <time>2026-05-10T05:40:47.668Z</time>
      </trkpt>
      <trkpt lat="49.87656741157819" lon="19.9049747532537">
        <ele>272.054592251457</ele>
        <time>2026-05-10T05:40:55.000Z</time>
      </trkpt>
      <trkpt lat="49.87631076447274" lon="19.905547691567126">
        <ele>269.869930302627</ele>
        <time>2026-05-10T05:41:02.332Z</time>
      </trkpt>
      <trkpt lat="49.87605411736729" lon="19.90612062988055">
        <ele>268.7162559991244</ele>
        <time>2026-05-10T05:41:09.664Z</time>
      </trkpt>
      <trkpt lat="49.87579747026184" lon="19.906693568193976">
        <ele>268.1281011468499</ele>
        <time>2026-05-10T05:41:16.996Z</time>
      </trkpt>
      <trkpt lat="49.875540823156385" lon="19.9072665065074">
        <ele>265.0464262719272</ele>
        <time>2026-05-10T05:41:24.328Z</time>
      </trkpt>
      <trkpt lat="49.87528417605093" lon="19.90783944482083">
        <ele>262.84168017711596</ele>
        <time>2026-05-10T05:41:31.660Z</time>
      </trkpt>
      <trkpt lat="49.875034870384496" lon="19.908395994125385">
        <ele>260.777802973684</ele>
        <time>2026-05-10T05:41:40.956Z</time>
      </trkpt>
      <trkpt lat="49.875034870384496" lon="19.908395994125385">
        <ele>260.777802973684</ele>
        <time>2026-05-10T05:41:40.956Z</time>
      </trkpt>
      <trkpt lat="49.874966613156545" lon="19.908645351813675">
        <ele>261.4526444185444</ele>
        <time>2026-05-10T05:41:44.671Z</time>
      </trkpt>
      <trkpt lat="49.87533873320992" lon="19.909037051206624">
        <ele>260.89062777105863</ele>
        <time>2026-05-10T05:41:54.241Z</time>
      </trkpt>
      <trkpt lat="49.87571085326331" lon="19.909428750599574">
        <ele>261.1880348240114</ele>
        <time>2026-05-10T05:42:03.811Z</time>
      </trkpt>
      <trkpt lat="49.876082973316684" lon="19.90982044999252">
        <ele>260.9779020318299</ele>
        <time>2026-05-10T05:42:13.381Z</time>
      </trkpt>
      <trkpt lat="49.876359" lon="19.910111">
        <ele>260.2645828575834</ele>
        <time>2026-05-10T05:42:20.479Z</time>
      </trkpt>
      <trkpt lat="49.876359" lon="19.910111">
        <ele>259.6</ele>
        <time>2026-05-10T05:42:20.479Z</time>
      </trkpt>
      <trkpt lat="49.876946" lon="19.910411">
        <ele>258.3</ele>
        <time>2026-05-10T05:42:26.000Z</time>
      </trkpt>
      <trkpt lat="49.877604" lon="19.910966">
        <ele>257.9</ele>
        <time>2026-05-10T05:42:39.000Z</time>
      </trkpt>
      <trkpt lat="49.878689" lon="19.912346">
        <ele>257.3</ele>
        <time>2026-05-10T05:43:05.000Z</time>
      </trkpt>
      <trkpt lat="49.878822" lon="19.912933">
        <ele>256.8</ele>
        <time>2026-05-10T05:43:12.000Z</time>
      </trkpt>
      <trkpt lat="49.878783" lon="19.914284">
        <ele>256</ele>
        <time>2026-05-10T05:43:28.000Z</time>
      </trkpt>
      <trkpt lat="49.879009" lon="19.915568">
        <ele>255.4</ele>
        <time>2026-05-10T05:43:42.000Z</time>
      </trkpt>
      <trkpt lat="49.879236" lon="19.915988">
        <ele>255.4</ele>
        <time>2026-05-10T05:43:49.000Z</time>
      </trkpt>
      <trkpt lat="49.880887" lon="19.917702">
        <ele>253.9</ele>
        <time>2026-05-10T05:44:25.000Z</time>
      </trkpt>
      <trkpt lat="49.881335" lon="19.919463">
        <ele>252.8</ele>
        <time>2026-05-10T05:44:47.000Z</time>
      </trkpt>
      <trkpt lat="49.882667" lon="19.922319">
        <ele>251.8</ele>
        <time>2026-05-10T05:45:31.000Z</time>
      </trkpt>
      <trkpt lat="49.882307" lon="19.922889">
        <ele>250.9</ele>
        <time>2026-05-10T05:45:41.000Z</time>
      </trkpt>
      <trkpt lat="49.882099" lon="19.923464">
        <ele>251</ele>
        <time>2026-05-10T05:45:49.000Z</time>
      </trkpt>
      <trkpt lat="49.881852" lon="19.926167">
        <ele>252.8</ele>
        <time>2026-05-10T05:46:25.000Z</time>
      </trkpt>
      <trkpt lat="49.881669" lon="19.927006">
        <ele>252.9</ele>
        <time>2026-05-10T05:46:36.000Z</time>
      </trkpt>
      <trkpt lat="49.881528" lon="19.928006">
        <ele>253.4</ele>
        <time>2026-05-10T05:46:49.000Z</time>
      </trkpt>
      <trkpt lat="49.88146" lon="19.928719">
        <ele>253.5</ele>
        <time>2026-05-10T05:46:59.000Z</time>
      </trkpt>
      <trkpt lat="49.88053" lon="19.931443">
        <ele>254.2</ele>
        <time>2026-05-10T05:47:39.000Z</time>
      </trkpt>
      <trkpt lat="49.880157" lon="19.932182">
        <ele>253</ele>
        <time>2026-05-10T05:47:49.000Z</time>
      </trkpt>
      <trkpt lat="49.879559" lon="19.933694">
        <ele>255.4</ele>
        <time>2026-05-10T05:48:13.000Z</time>
      </trkpt>
      <trkpt lat="49.879294" lon="19.9337">
        <ele>257.4</ele>
        <time>2026-05-10T05:48:23.000Z</time>
      </trkpt>
      <trkpt lat="49.877172" lon="19.932584">
        <ele>267.4</ele>
        <time>2026-05-10T05:49:37.000Z</time>
      </trkpt>
      <trkpt lat="49.877037" lon="19.932746">
        <ele>266.3</ele>
        <time>2026-05-10T05:49:41.000Z</time>
      </trkpt>
      <trkpt lat="49.876583" lon="19.934378">
        <ele>256.7</ele>
        <time>2026-05-10T05:49:57.000Z</time>
      </trkpt>
      <trkpt lat="49.876396" lon="19.934557">
        <ele>255.6</ele>
        <time>2026-05-10T05:50:00.000Z</time>
      </trkpt>
      <trkpt lat="49.876019" lon="19.934494">
        <ele>254.1</ele>
        <time>2026-05-10T05:50:05.000Z</time>
      </trkpt>
      <trkpt lat="49.875197" lon="19.934024">
        <ele>255.8</ele>
        <time>2026-05-10T05:50:21.000Z</time>
      </trkpt>
      <trkpt lat="49.874733" lon="19.933914">
        <ele>260.7</ele>
        <time>2026-05-10T05:50:38.000Z</time>
      </trkpt>
      <trkpt lat="49.874414" lon="19.934828">
        <ele>262.7</ele>
        <time>2026-05-10T05:50:55.000Z</time>
      </trkpt>
      <trkpt lat="49.873615" lon="19.936055">
        <ele>258.7</ele>
        <time>2026-05-10T05:51:16.000Z</time>
      </trkpt>
      <trkpt lat="49.872524" lon="19.937302">
        <ele>265.9</ele>
        <time>2026-05-10T05:51:50.000Z</time>
      </trkpt>
      <trkpt lat="49.872277" lon="19.937771">
        <ele>269</ele>
        <time>2026-05-10T05:52:07.000Z</time>
      </trkpt>
      <trkpt lat="49.871836" lon="19.938214">
        <ele>271.6</ele>
        <time>2026-05-10T05:52:25.000Z</time>
      </trkpt>
      <trkpt lat="49.871594" lon="19.93866">
        <ele>273.7</ele>
        <time>2026-05-10T05:52:38.000Z</time>
      </trkpt>
      <trkpt lat="49.87135" lon="19.938849">
        <ele>275.7</ele>
        <time>2026-05-10T05:52:48.000Z</time>
      </trkpt>
      <trkpt lat="49.8707" lon="19.937501">
        <ele>281.5</ele>
        <time>2026-05-10T05:53:28.000Z</time>
      </trkpt>
      <trkpt lat="49.869459" lon="19.93574">
        <ele>290.5</ele>
        <time>2026-05-10T05:54:25.000Z</time>
      </trkpt>
      <trkpt lat="49.868006" lon="19.934432">
        <ele>294.4</ele>
        <time>2026-05-10T05:55:14.000Z</time>
      </trkpt>
      <trkpt lat="49.86758" lon="19.933556">
        <ele>293.7</ele>
        <time>2026-05-10T05:55:29.000Z</time>
      </trkpt>
      <trkpt lat="49.867245" lon="19.932375">
        <ele>291.2</ele>
        <time>2026-05-10T05:55:45.000Z</time>
      </trkpt>
      <trkpt lat="49.866961" lon="19.932218">
        <ele>290.8</ele>
        <time>2026-05-10T05:55:49.000Z</time>
      </trkpt>
      <trkpt lat="49.865709" lon="19.933563">
        <ele>289</ele>
        <time>2026-05-10T05:56:16.000Z</time>
      </trkpt>
      <trkpt lat="49.864546" lon="19.9345">
        <ele>286.7</ele>
        <time>2026-05-10T05:56:37.000Z</time>
      </trkpt>
      <trkpt lat="49.863596" lon="19.935773">
        <ele>286.9</ele>
        <time>2026-05-10T05:57:02.000Z</time>
      </trkpt>
      <trkpt lat="49.862515" lon="19.936888">
        <ele>290.6</ele>
        <time>2026-05-10T05:57:32.000Z</time>
      </trkpt>
      <trkpt lat="49.861985" lon="19.937629">
        <ele>293.7</ele>
        <time>2026-05-10T05:57:51.000Z</time>
      </trkpt>
      <trkpt lat="49.861378" lon="19.938859">
        <ele>295.3</ele>
        <time>2026-05-10T05:58:15.000Z</time>
      </trkpt>
      <trkpt lat="49.860415" lon="19.940063">
        <ele>293.8</ele>
        <time>2026-05-10T05:58:38.000Z</time>
      </trkpt>
      <trkpt lat="49.858704" lon="19.940799">
        <ele>296.8</ele>
        <time>2026-05-10T05:59:14.000Z</time>
      </trkpt>
      <trkpt lat="49.858341" lon="19.940871">
        <ele>298.2</ele>
        <time>2026-05-10T05:59:22.000Z</time>
      </trkpt>
      <trkpt lat="49.857928" lon="19.940623">
        <ele>300.1</ele>
        <time>2026-05-10T05:59:32.000Z</time>
      </trkpt>
      <trkpt lat="49.857391" lon="19.939379">
        <ele>303.6</ele>
        <time>2026-05-10T05:59:57.000Z</time>
      </trkpt>
      <trkpt lat="49.856855" lon="19.938831">
        <ele>304.6</ele>
        <time>2026-05-10T06:00:12.000Z</time>
      </trkpt>
      <trkpt lat="49.856464" lon="19.938704">
        <ele>305.1</ele>
        <time>2026-05-10T06:00:21.000Z</time>
      </trkpt>
      <trkpt lat="49.855707" lon="19.938989">
        <ele>306.2</ele>
        <time>2026-05-10T06:00:37.000Z</time>
      </trkpt>
      <trkpt lat="49.854561" lon="19.939674">
        <ele>311</ele>
        <time>2026-05-10T06:01:17.000Z</time>
      </trkpt>
      <trkpt lat="49.852227" lon="19.942516">
        <ele>315</ele>
        <time>2026-05-10T06:02:28.000Z</time>
      </trkpt>
      <trkpt lat="49.851755" lon="19.942725">
        <ele>315.2</ele>
        <time>2026-05-10T06:02:38.000Z</time>
      </trkpt>
      <trkpt lat="49.849214" lon="19.942779">
        <ele>325.4</ele>
        <time>2026-05-10T06:03:53.000Z</time>
      </trkpt>
      <trkpt lat="49.848019" lon="19.942615">
        <ele>332</ele>
        <time>2026-05-10T06:04:32.000Z</time>
      </trkpt>
      <trkpt lat="49.847636" lon="19.942289">
        <ele>333.8</ele>
        <time>2026-05-10T06:04:46.000Z</time>
      </trkpt>
      <trkpt lat="49.846488" lon="19.940747">
        <ele>336.7</ele>
        <time>2026-05-10T06:05:27.000Z</time>
      </trkpt>
      <trkpt lat="49.84602" lon="19.940591">
        <ele>336.5</ele>
        <time>2026-05-10T06:05:38.000Z</time>
      </trkpt>
      <trkpt lat="49.845671" lon="19.940768">
        <ele>335.8</ele>
        <time>2026-05-10T06:05:45.000Z</time>
      </trkpt>
      <trkpt lat="49.845338" lon="19.941197">
        <ele>334.4</ele>
        <time>2026-05-10T06:05:53.000Z</time>
      </trkpt>
      <trkpt lat="49.844899" lon="19.942361">
        <ele>330.2</ele>
        <time>2026-05-10T06:06:07.000Z</time>
      </trkpt>
      <trkpt lat="49.844637" lon="19.942713">
        <ele>328.6</ele>
        <time>2026-05-10T06:06:11.000Z</time>
      </trkpt>
      <trkpt lat="49.843809" lon="19.943169">
        <ele>325.9</ele>
        <time>2026-05-10T06:06:22.000Z</time>
      </trkpt>
      <trkpt lat="49.843437" lon="19.943224">
        <ele>325</ele>
        <time>2026-05-10T06:06:27.000Z</time>
      </trkpt>
      <trkpt lat="49.843104" lon="19.942838">
        <ele>324.1</ele>
        <time>2026-05-10T06:06:33.000Z</time>
      </trkpt>
      <trkpt lat="49.842823" lon="19.941669">
        <ele>319.3</ele>
        <time>2026-05-10T06:06:43.000Z</time>
      </trkpt>
      <trkpt lat="49.842604" lon="19.941213">
        <ele>317.6</ele>
        <time>2026-05-10T06:06:47.000Z</time>
      </trkpt>
      <trkpt lat="49.84217" lon="19.94082">
        <ele>317.2</ele>
        <time>2026-05-10T06:06:53.000Z</time>
      </trkpt>
      <trkpt lat="49.841728" lon="19.940756">
        <ele>317</ele>
        <time>2026-05-10T06:06:59.000Z</time>
      </trkpt>
      <trkpt lat="49.841356" lon="19.940953">
        <ele>316.9</ele>
        <time>2026-05-10T06:07:05.000Z</time>
      </trkpt>
      <trkpt lat="49.840567" lon="19.942057">
        <ele>317.7</ele>
        <time>2026-05-10T06:07:24.000Z</time>
      </trkpt>
      <trkpt lat="49.840363" lon="19.942161">
        <ele>317.7</ele>
        <time>2026-05-10T06:07:29.000Z</time>
      </trkpt>
      <trkpt lat="49.839998" lon="19.942213">
        <ele>316.9</ele>
        <time>2026-05-10T06:07:37.000Z</time>
      </trkpt>
      <trkpt lat="49.838551" lon="19.942043">
        <ele>305.6</ele>
        <time>2026-05-10T06:07:53.000Z</time>
      </trkpt>
      <trkpt lat="49.837353" lon="19.942245">
        <ele>298.3</ele>
        <time>2026-05-10T06:08:05.000Z</time>
      </trkpt>
      <trkpt lat="49.836694" lon="19.942584">
        <ele>295.8</ele>
        <time>2026-05-10T06:08:13.000Z</time>
      </trkpt>
      <trkpt lat="49.836044" lon="19.942552">
        <ele>297.1</ele>
        <time>2026-05-10T06:08:23.000Z</time>
      </trkpt>
      <trkpt lat="49.835312" lon="19.943104">
        <ele>297.3</ele>
        <time>2026-05-10T06:08:38.000Z</time>
      </trkpt>
      <trkpt lat="49.83464" lon="19.943389">
        <ele>297.3</ele>
        <time>2026-05-10T06:08:50.000Z</time>
      </trkpt>
      <trkpt lat="49.833343" lon="19.943835">
        <ele>295.6</ele>
        <time>2026-05-10T06:09:15.000Z</time>
      </trkpt>
      <trkpt lat="49.833265" lon="19.943045">
        <ele>295.6</ele>
        <time>2026-05-10T06:09:26.000Z</time>
      </trkpt>
      <trkpt lat="49.83316" lon="19.942788">
        <ele>296.2</ele>
        <time>2026-05-10T06:09:31.000Z</time>
      </trkpt>
      <trkpt lat="49.829864" lon="19.943341">
        <ele>294.7</ele>
        <time>2026-05-10T06:10:35.000Z</time>
      </trkpt>
      <trkpt lat="49.825003" lon="19.943826">
        <ele>290.8</ele>
        <time>2026-05-10T06:11:58.000Z</time>
      </trkpt>
      <trkpt lat="49.824532" lon="19.944092">
        <ele>291.4</ele>
        <time>2026-05-10T06:12:09.000Z</time>
      </trkpt>
      <trkpt lat="49.823451" lon="19.9454">
        <ele>291.2</ele>
        <time>2026-05-10T06:12:38.000Z</time>
      </trkpt>
      <trkpt lat="49.823097" lon="19.945621">
        <ele>289.9</ele>
        <time>2026-05-10T06:12:47.000Z</time>
      </trkpt>
      <trkpt lat="49.822799" lon="19.945374">
        <ele>289.3</ele>
        <time>2026-05-10T06:12:54.000Z</time>
      </trkpt>
      <trkpt lat="49.822641" lon="19.945086">
        <ele>289.4</ele>
        <time>2026-05-10T06:13:00.000Z</time>
      </trkpt>
      <trkpt lat="49.821945" lon="19.944774">
        <ele>289.6</ele>
        <time>2026-05-10T06:13:17.000Z</time>
      </trkpt>
      <trkpt lat="49.821099" lon="19.943669">
        <ele>289.9</ele>
        <time>2026-05-10T06:13:41.000Z</time>
      </trkpt>
      <trkpt lat="49.820252" lon="19.942141">
        <ele>289.8</ele>
        <time>2026-05-10T06:14:06.000Z</time>
      </trkpt>
      <trkpt lat="49.82003" lon="19.941577">
        <ele>289.8</ele>
        <time>2026-05-10T06:14:16.000Z</time>
      </trkpt>
      <trkpt lat="49.81995" lon="19.941085">
        <ele>289.6</ele>
        <time>2026-05-10T06:14:58.000Z</time>
      </trkpt>
      <trkpt lat="49.819815" lon="19.940955">
        <ele>289.6</ele>
        <time>2026-05-10T06:21:41.000Z</time>
      </trkpt>
      <trkpt lat="49.819486" lon="19.940138">
        <ele>289.7</ele>
        <time>2026-05-10T06:21:58.000Z</time>
      </trkpt>
      <trkpt lat="49.819179" lon="19.939232">
        <ele>290.3</ele>
        <time>2026-05-10T06:22:15.000Z</time>
      </trkpt>
      <trkpt lat="49.819185" lon="19.938734">
        <ele>289.6</ele>
        <time>2026-05-10T06:22:23.000Z</time>
      </trkpt>
      <trkpt lat="49.818798" lon="19.937551">
        <ele>290.4</ele>
        <time>2026-05-10T06:22:42.000Z</time>
      </trkpt>
      <trkpt lat="49.818636" lon="19.937405">
        <ele>291.3</ele>
        <time>2026-05-10T06:22:50.000Z</time>
      </trkpt>
      <trkpt lat="49.819441" lon="19.936898">
        <ele>292.3</ele>
        <time>2026-05-10T06:24:16.000Z</time>
      </trkpt>
      <trkpt lat="49.819211" lon="19.936006">
        <ele>293</ele>
        <time>2026-05-10T06:24:46.000Z</time>
      </trkpt>
      <trkpt lat="49.819015" lon="19.934948">
        <ele>292.4</ele>
        <time>2026-05-10T06:25:01.000Z</time>
      </trkpt>
      <trkpt lat="49.819211" lon="19.933647">
        <ele>293.6</ele>
        <time>2026-05-10T06:25:19.000Z</time>
      </trkpt>
      <trkpt lat="49.819032" lon="19.933063">
        <ele>295.8</ele>
        <time>2026-05-10T06:25:32.000Z</time>
      </trkpt>
      <trkpt lat="49.818519" lon="19.932388">
        <ele>296.8</ele>
        <time>2026-05-10T06:25:48.000Z</time>
      </trkpt>
      <trkpt lat="49.818442" lon="19.932006">
        <ele>296.8</ele>
        <time>2026-05-10T06:25:53.000Z</time>
      </trkpt>
      <trkpt lat="49.818074" lon="19.931202">
        <ele>297</ele>
        <time>2026-05-10T06:26:06.000Z</time>
      </trkpt>
      <trkpt lat="49.817973" lon="19.930703">
        <ele>296.9</ele>
        <time>2026-05-10T06:26:12.000Z</time>
      </trkpt>
      <trkpt lat="49.81789" lon="19.930594">
        <ele>296.8</ele>
        <time>2026-05-10T06:26:14.000Z</time>
      </trkpt>
      <trkpt lat="49.817929" lon="19.930447">
        <ele>296.7</ele>
        <time>2026-05-10T06:26:16.000Z</time>
      </trkpt>
      <trkpt lat="49.817277" lon="19.928622">
        <ele>297.1</ele>
        <time>2026-05-10T06:26:43.000Z</time>
      </trkpt>
      <trkpt lat="49.816431" lon="19.92694">
        <ele>299.5</ele>
        <time>2026-05-10T06:27:13.000Z</time>
      </trkpt>
      <trkpt lat="49.816292" lon="19.926854">
        <ele>300.2</ele>
        <time>2026-05-10T06:27:17.000Z</time>
      </trkpt>
      <trkpt lat="49.815433" lon="19.925333">
        <ele>300.4</ele>
        <time>2026-05-10T06:27:47.000Z</time>
      </trkpt>
      <trkpt lat="49.814075" lon="19.923328">
        <ele>304.7</ele>
        <time>2026-05-10T06:28:30.000Z</time>
      </trkpt>
      <trkpt lat="49.813255" lon="19.922365">
        <ele>307.1</ele>
        <time>2026-05-10T06:28:57.000Z</time>
      </trkpt>
      <trkpt lat="49.812128" lon="19.921827">
        <ele>304.4</ele>
        <time>2026-05-10T06:29:20.000Z</time>
      </trkpt>
      <trkpt lat="49.81084" lon="19.921706">
        <ele>299.4</ele>
        <time>2026-05-10T06:29:40.000Z</time>
      </trkpt>
      <trkpt lat="49.809876" lon="19.922149">
        <ele>299.6</ele>
        <time>2026-05-10T06:29:56.000Z</time>
      </trkpt>
      <trkpt lat="49.807152" lon="19.92415">
        <ele>300.8</ele>
        <time>2026-05-10T06:30:51.000Z</time>
      </trkpt>
      <trkpt lat="49.806085" lon="19.924679">
        <ele>299.5</ele>
        <time>2026-05-10T06:31:10.000Z</time>
      </trkpt>
      <trkpt lat="49.803683" lon="19.925191">
        <ele>302.1</ele>
        <time>2026-05-10T06:32:00.000Z</time>
      </trkpt>
      <trkpt lat="49.802016" lon="19.924974">
        <ele>303</ele>
        <time>2026-05-10T06:32:33.000Z</time>
      </trkpt>
      <trkpt lat="49.801248" lon="19.92465">
        <ele>302.3</ele>
        <time>2026-05-10T06:32:48.000Z</time>
      </trkpt>
      <trkpt lat="49.799211" lon="19.924456">
        <ele>305.5</ele>
        <time>2026-05-10T06:33:31.000Z</time>
      </trkpt>
      <trkpt lat="49.797925" lon="19.924025">
        <ele>312.3</ele>
        <time>2026-05-10T06:34:12.000Z</time>
      </trkpt>
      <trkpt lat="49.796968" lon="19.923516">
        <ele>308.8</ele>
        <time>2026-05-10T06:34:36.000Z</time>
      </trkpt>
      <trkpt lat="49.796768" lon="19.92321">
        <ele>307.2</ele>
        <time>2026-05-10T06:34:40.000Z</time>
      </trkpt>
      <trkpt lat="49.796569" lon="19.922385">
        <ele>305.8</ele>
        <time>2026-05-10T06:34:49.000Z</time>
      </trkpt>
      <trkpt lat="49.796285" lon="19.922252">
        <ele>305.2</ele>
        <time>2026-05-10T06:35:05.345Z</time>
      </trkpt>
      <trkpt lat="49.796285" lon="19.922252">
        <ele>305.6392340127849</ele>
        <time>2026-05-10T06:35:05.345Z</time>
      </trkpt>
      <trkpt lat="49.79590156726975" lon="19.922615883190876">
        <ele>305.0954521439441</ele>
        <time>2026-05-10T06:35:30.117Z</time>
      </trkpt>
      <trkpt lat="49.79569406446387" lon="19.922812806346258">
        <ele>304.91657427220696</ele>
        <time>2026-05-10T06:35:43.523Z</time>
      </trkpt>
      <trkpt lat="49.79579855256165" lon="19.92308258628009">
        <ele>305.9159938279926</ele>
        <time>2026-05-10T06:35:54.711Z</time>
      </trkpt>
      <trkpt lat="49.79579855256165" lon="19.92308258628009">
        <ele>305.9159938279926</ele>
        <time>2026-05-10T06:35:54.711Z</time>
      </trkpt>
      <trkpt lat="49.79579855256165" lon="19.92308258628009">
        <ele>305.9159938279926</ele>
        <time>2026-05-10T06:35:54.711Z</time>
      </trkpt>
      <trkpt lat="49.79563614003979" lon="19.923265320340676">
        <ele>306.7325363419495</ele>
        <time>2026-05-10T06:36:03.996Z</time>
      </trkpt>
      <trkpt lat="49.79563614003979" lon="19.923265320340676">
        <ele>306.7325363419495</ele>
        <time>2026-05-10T06:36:03.996Z</time>
      </trkpt>
      <trkpt lat="49.795234230632445" lon="19.923104987753703">
        <ele>306.8764460510896</ele>
        <time>2026-05-10T06:36:23.194Z</time>
      </trkpt>
      <trkpt lat="49.79494094109319" lon="19.923030044423655">
        <ele>306.7239095730711</ele>
        <time>2026-05-10T06:36:36.944Z</time>
      </trkpt>
      <trkpt lat="49.79494094109319" lon="19.923030044423655">
        <ele>306.7239095730711</ele>
        <time>2026-05-10T06:36:36.944Z</time>
      </trkpt>
      <trkpt lat="49.79494094109319" lon="19.923030044423655">
        <ele>306.7239095730711</ele>
        <time>2026-05-10T06:36:36.944Z</time>
      </trkpt>
      <trkpt lat="49.79466579156053" lon="19.923058148173055">
        <ele>307.1762637413348</ele>
        <time>2026-05-10T06:36:47.165Z</time>
      </trkpt>
      <trkpt lat="49.79437552222686" lon="19.92318929899946">
        <ele>308.81392462818815</ele>
        <time>2026-05-10T06:36:58.372Z</time>
      </trkpt>
      <trkpt lat="49.79437552222686" lon="19.92318929899946">
        <ele>308.81392462818815</ele>
        <time>2026-05-10T06:36:58.372Z</time>
      </trkpt>
      <trkpt lat="49.79437552222686" lon="19.92318929899946">
        <ele>308.81392462818815</ele>
        <time>2026-05-10T06:36:58.372Z</time>
      </trkpt>
      <trkpt lat="49.79396872012765" lon="19.923486088968165">
        <ele>311.7202673420493</ele>
        <time>2026-05-10T06:37:15.055Z</time>
      </trkpt>
      <trkpt lat="49.7936953597827" lon="19.923685524045766">
        <ele>314.2311561439743</ele>
        <time>2026-05-10T06:37:26.265Z</time>
      </trkpt>
      <trkpt lat="49.793300036817655" lon="19.924017448954967">
        <ele>315.29020485950844</ele>
        <time>2026-05-10T06:37:42.947Z</time>
      </trkpt>
      <trkpt lat="49.7929047138526" lon="19.924349373864164">
        <ele>314.3875939532279</ele>
        <time>2026-05-10T06:37:59.629Z</time>
      </trkpt>
      <trkpt lat="49.79250939088755" lon="19.924681298773365">
        <ele>311.68700594314555</ele>
        <time>2026-05-10T06:38:16.312Z</time>
      </trkpt>
      <trkpt lat="49.7921140679225" lon="19.925013223682562">
        <ele>308.17944816494037</ele>
        <time>2026-05-10T06:38:32.995Z</time>
      </trkpt>
      <trkpt lat="49.791788" lon="19.925287">
        <ele>309.179937669565</ele>
        <time>2026-05-10T06:38:46.755Z</time>
      </trkpt>
      <trkpt lat="49.791788" lon="19.925287">
        <ele>308</ele>
        <time>2026-05-10T06:38:46.755Z</time>
      </trkpt>
      <trkpt lat="49.791373" lon="19.925815">
        <ele>308.9</ele>
        <time>2026-05-10T06:38:56.000Z</time>
      </trkpt>
      <trkpt lat="49.791086" lon="19.926417">
        <ele>309.5</ele>
        <time>2026-05-10T06:39:05.000Z</time>
      </trkpt>
      <trkpt lat="49.790593" lon="19.927079">
        <ele>309.1</ele>
        <time>2026-05-10T06:39:16.000Z</time>
      </trkpt>
      <trkpt lat="49.790031" lon="19.928129">
        <ele>310.4</ele>
        <time>2026-05-10T06:39:33.000Z</time>
      </trkpt>
      <trkpt lat="49.789878" lon="19.928711">
        <ele>311.1</ele>
        <time>2026-05-10T06:39:41.000Z</time>
      </trkpt>
      <trkpt lat="49.789031" lon="19.93096">
        <ele>310.3</ele>
        <time>2026-05-10T06:40:10.000Z</time>
      </trkpt>
      <trkpt lat="49.788847" lon="19.931707">
        <ele>310.2</ele>
        <time>2026-05-10T06:40:20.000Z</time>
      </trkpt>
      <trkpt lat="49.788654" lon="19.933012">
        <ele>309.9</ele>
        <time>2026-05-10T06:40:35.000Z</time>
      </trkpt>
      <trkpt lat="49.788455" lon="19.935349">
        <ele>309.7</ele>
        <time>2026-05-10T06:41:01.000Z</time>
      </trkpt>
      <trkpt lat="49.788296" lon="19.936315">
        <ele>308.9</ele>
        <time>2026-05-10T06:41:12.000Z</time>
      </trkpt>
      <trkpt lat="49.787882" lon="19.937739">
        <ele>310.3</ele>
        <time>2026-05-10T06:41:31.000Z</time>
      </trkpt>
      <trkpt lat="49.787121" lon="19.940091">
        <ele>312.3</ele>
        <time>2026-05-10T06:42:04.000Z</time>
      </trkpt>
      <trkpt lat="49.785548" lon="19.942944">
        <ele>313.1</ele>
        <time>2026-05-10T06:42:53.000Z</time>
      </trkpt>
      <trkpt lat="49.784912" lon="19.944475">
        <ele>312.1</ele>
        <time>2026-05-10T06:43:11.000Z</time>
      </trkpt>
      <trkpt lat="49.784225" lon="19.946768">
        <ele>312.3</ele>
        <time>2026-05-10T06:43:39.000Z</time>
      </trkpt>
      <trkpt lat="49.783932" lon="19.948155">
        <ele>312.3</ele>
        <time>2026-05-10T06:43:56.000Z</time>
      </trkpt>
      <trkpt lat="49.78386" lon="19.949005">
        <ele>312.6</ele>
        <time>2026-05-10T06:44:07.000Z</time>
      </trkpt>
      <trkpt lat="49.783731" lon="19.949329">
        <ele>312.6</ele>
        <time>2026-05-10T06:44:12.000Z</time>
      </trkpt>
      <trkpt lat="49.783795" lon="19.949486">
        <ele>312.4</ele>
        <time>2026-05-10T06:44:15.000Z</time>
      </trkpt>
      <trkpt lat="49.784325" lon="19.949814">
        <ele>311.8</ele>
        <time>2026-05-10T06:44:26.000Z</time>
      </trkpt>
      <trkpt lat="49.785592" lon="19.950406">
        <ele>311.3</ele>
        <time>2026-05-10T06:44:53.000Z</time>
      </trkpt>
      <trkpt lat="49.785507" lon="19.951354">
        <ele>312</ele>
        <time>2026-05-10T06:45:06.000Z</time>
      </trkpt>
      <trkpt lat="49.784915" lon="19.953719">
        <ele>314</ele>
        <time>2026-05-10T06:45:47.000Z</time>
      </trkpt>
      <trkpt lat="49.784597" lon="19.954529">
        <ele>314.1</ele>
        <time>2026-05-10T06:46:01.000Z</time>
      </trkpt>
      <trkpt lat="49.784488" lon="19.955104">
        <ele>313.8</ele>
        <time>2026-05-10T06:46:08.000Z</time>
      </trkpt>
      <trkpt lat="49.783914" lon="19.956576">
        <ele>315.4</ele>
        <time>2026-05-10T06:46:31.000Z</time>
      </trkpt>
      <trkpt lat="49.78364" lon="19.957059">
        <ele>314.1</ele>
        <time>2026-05-10T06:46:37.000Z</time>
      </trkpt>
      <trkpt lat="49.783253" lon="19.957586">
        <ele>313.3</ele>
        <time>2026-05-10T06:46:45.000Z</time>
      </trkpt>
      <trkpt lat="49.782104" lon="19.958693">
        <ele>314.2</ele>
        <time>2026-05-10T06:47:07.000Z</time>
      </trkpt>
      <trkpt lat="49.781169" lon="19.959906">
        <ele>313.6</ele>
        <time>2026-05-10T06:48:17.000Z</time>
      </trkpt>
      <trkpt lat="49.779837" lon="19.960923">
        <ele>314.2</ele>
        <time>2026-05-10T06:48:45.000Z</time>
      </trkpt>
      <trkpt lat="49.779051" lon="19.961342">
        <ele>313.5</ele>
        <time>2026-05-10T06:49:01.000Z</time>
      </trkpt>
      <trkpt lat="49.777897" lon="19.961754">
        <ele>314.3</ele>
        <time>2026-05-10T06:49:23.000Z</time>
      </trkpt>
      <trkpt lat="49.777224" lon="19.962359">
        <ele>314.3</ele>
        <time>2026-05-10T06:49:37.000Z</time>
      </trkpt>
      <trkpt lat="49.776544" lon="19.962475">
        <ele>314.7</ele>
        <time>2026-05-10T06:49:50.000Z</time>
      </trkpt>
      <trkpt lat="49.775536" lon="19.962265">
        <ele>315.3</ele>
        <time>2026-05-10T06:50:09.000Z</time>
      </trkpt>
      <trkpt lat="49.774812" lon="19.962347">
        <ele>316</ele>
        <time>2026-05-10T06:50:23.000Z</time>
      </trkpt>
      <trkpt lat="49.773912" lon="19.962591">
        <ele>316.1</ele>
        <time>2026-05-10T06:50:44.000Z</time>
      </trkpt>
      <trkpt lat="49.772989" lon="19.963067">
        <ele>316.3</ele>
        <time>2026-05-10T06:51:02.000Z</time>
      </trkpt>
      <trkpt lat="49.772205" lon="19.963218">
        <ele>317.6</ele>
        <time>2026-05-10T06:51:17.000Z</time>
      </trkpt>
      <trkpt lat="49.77178" lon="19.963455">
        <ele>319.9</ele>
        <time>2026-05-10T06:51:26.117Z</time>
      </trkpt>
      <trkpt lat="49.77178" lon="19.963455">
        <ele>322.14314047736167</ele>
        <time>2026-05-10T06:51:26.117Z</time>
      </trkpt>
      <trkpt lat="49.77139890454168" lon="19.963824527999307">
        <ele>322.39308395927156</ele>
        <time>2026-05-10T06:51:35.192Z</time>
      </trkpt>
      <trkpt lat="49.77101780908335" lon="19.964194055998618">
        <ele>319.010558431659</ele>
        <time>2026-05-10T06:51:44.267Z</time>
      </trkpt>
      <trkpt lat="49.770636713625024" lon="19.964563583997926">
        <ele>317.5935234602366</ele>
        <time>2026-05-10T06:51:53.342Z</time>
      </trkpt>
      <trkpt lat="49.77025561816669" lon="19.964933111997237">
        <ele>318.8248435080797</ele>
        <time>2026-05-10T06:52:02.417Z</time>
      </trkpt>
      <trkpt lat="49.76987452270837" lon="19.965302639996544">
        <ele>319.734685388832</ele>
        <time>2026-05-10T06:52:11.492Z</time>
      </trkpt>
      <trkpt lat="49.76949342725004" lon="19.96567216799585">
        <ele>321.9393872183755</ele>
        <time>2026-05-10T06:52:20.567Z</time>
      </trkpt>
      <trkpt lat="49.76911233179172" lon="19.966041695995163">
        <ele>325.58382563313734</ele>
        <time>2026-05-10T06:52:29.642Z</time>
      </trkpt>
      <trkpt lat="49.76873123633339" lon="19.96641122399447">
        <ele>323.7240896194275</ele>
        <time>2026-05-10T06:52:38.717Z</time>
      </trkpt>
      <trkpt lat="49.768350140875064" lon="19.96678075199378">
        <ele>322.1186068428666</ele>
        <time>2026-05-10T06:52:47.792Z</time>
      </trkpt>
      <trkpt lat="49.767969045416734" lon="19.96715027999309">
        <ele>320.91224710671304</ele>
        <time>2026-05-10T06:52:56.867Z</time>
      </trkpt>
      <trkpt lat="49.76758794995841" lon="19.967519807992396">
        <ele>321.71456504329177</ele>
        <time>2026-05-10T06:53:05.942Z</time>
      </trkpt>
      <trkpt lat="49.76756333915853" lon="19.96754367177624">
        <ele>321.9334131794707</ele>
        <time>2026-05-10T06:53:06.528Z</time>
      </trkpt>
      <trkpt lat="49.76756333915853" lon="19.96754367177624">
        <ele>321.9334131794707</ele>
        <time>2026-05-10T06:53:06.528Z</time>
      </trkpt>
      <trkpt lat="49.767177532435745" lon="19.96790126931371">
        <ele>321.5590130221981</ele>
        <time>2026-05-10T06:53:15.608Z</time>
      </trkpt>
      <trkpt lat="49.76679172571296" lon="19.968258866851176">
        <ele>320.8035120163625</ele>
        <time>2026-05-10T06:53:24.688Z</time>
      </trkpt>
      <trkpt lat="49.76672243378263" lon="19.968323092335567">
        <ele>320.4158819543292</ele>
        <time>2026-05-10T06:53:26.318Z</time>
      </trkpt>
      <trkpt lat="49.76630736734983" lon="19.968590862307103">
        <ele>318.82768469271286</ele>
        <time>2026-05-10T06:53:35.398Z</time>
      </trkpt>
      <trkpt lat="49.765892300917024" lon="19.96885863227864">
        <ele>319.34722209422534</ele>
        <time>2026-05-10T06:53:44.478Z</time>
      </trkpt>
      <trkpt lat="49.76547723448422" lon="19.969126402250176">
        <ele>321.8200032993034</ele>
        <time>2026-05-10T06:53:53.558Z</time>
      </trkpt>
      <trkpt lat="49.765062168051415" lon="19.96939417222171">
        <ele>322.3940634130118</ele>
        <time>2026-05-10T06:54:02.638Z</time>
      </trkpt>
      <trkpt lat="49.764647101618614" lon="19.969661942193245">
        <ele>320.9905349718167</ele>
        <time>2026-05-10T06:54:11.718Z</time>
      </trkpt>
      <trkpt lat="49.76443" lon="19.969802">
        <ele>321.7209359639316</ele>
        <time>2026-05-10T06:54:16.467Z</time>
      </trkpt>
      <trkpt lat="49.76443" lon="19.969802">
        <ele>320.2</ele>
        <time>2026-05-10T06:54:16.467Z</time>
      </trkpt>
      <trkpt lat="49.763656" lon="19.969927">
        <ele>320.4</ele>
        <time>2026-05-10T06:54:44.000Z</time>
      </trkpt>
      <trkpt lat="49.762162" lon="19.969775">
        <ele>321</ele>
        <time>2026-05-10T06:55:16.000Z</time>
      </trkpt>
      <trkpt lat="49.761935" lon="19.969779">
        <ele>321.2</ele>
        <time>2026-05-10T06:56:37.000Z</time>
      </trkpt>
      <trkpt lat="49.758643" lon="19.969354">
        <ele>322.5</ele>
        <time>2026-05-10T06:57:43.000Z</time>
      </trkpt>
      <trkpt lat="49.758039" lon="19.969544">
        <ele>322.7</ele>
        <time>2026-05-10T06:57:55.000Z</time>
      </trkpt>
      <trkpt lat="49.756963" lon="19.970712">
        <ele>323.1</ele>
        <time>2026-05-10T06:58:20.000Z</time>
      </trkpt>
      <trkpt lat="49.755679" lon="19.971191">
        <ele>323.7</ele>
        <time>2026-05-10T06:58:45.000Z</time>
      </trkpt>
      <trkpt lat="49.754255" lon="19.972293">
        <ele>324.9</ele>
        <time>2026-05-10T06:59:15.000Z</time>
      </trkpt>
      <trkpt lat="49.75311" lon="19.973747">
        <ele>326.5</ele>
        <time>2026-05-10T06:59:46.000Z</time>
      </trkpt>
      <trkpt lat="49.75304" lon="19.97372">
        <ele>326.6</ele>
        <time>2026-05-10T06:59:49.000Z</time>
      </trkpt>
      <trkpt lat="49.752666" lon="19.972544">
        <ele>327.3</ele>
        <time>2026-05-10T07:00:14.000Z</time>
      </trkpt>
      <trkpt lat="49.752401" lon="19.97201">
        <ele>326.7</ele>
        <time>2026-05-10T07:00:22.000Z</time>
      </trkpt>
      <trkpt lat="49.751873" lon="19.970054">
        <ele>328.6</ele>
        <time>2026-05-10T07:00:57.000Z</time>
      </trkpt>
      <trkpt lat="49.751755" lon="19.970006">
        <ele>328.7</ele>
        <time>2026-05-10T07:01:01.000Z</time>
      </trkpt>
      <trkpt lat="49.751048" lon="19.970254">
        <ele>328.4</ele>
        <time>2026-05-10T07:01:16.000Z</time>
      </trkpt>
      <trkpt lat="49.750482" lon="19.970615">
        <ele>328.1</ele>
        <time>2026-05-10T07:01:27.000Z</time>
      </trkpt>
      <trkpt lat="49.749932" lon="19.971154">
        <ele>328.3</ele>
        <time>2026-05-10T07:01:40.000Z</time>
      </trkpt>
      <trkpt lat="49.749466" lon="19.971302">
        <ele>328.3</ele>
        <time>2026-05-10T07:01:52.000Z</time>
      </trkpt>
      <trkpt lat="49.748421" lon="19.971954">
        <ele>328.6</ele>
        <time>2026-05-10T07:02:13.000Z</time>
      </trkpt>
      <trkpt lat="49.747744" lon="19.972432">
        <ele>329</ele>
        <time>2026-05-10T07:02:26.000Z</time>
      </trkpt>
      <trkpt lat="49.747281" lon="19.972882">
        <ele>329.3</ele>
        <time>2026-05-10T07:02:36.000Z</time>
      </trkpt>
      <trkpt lat="49.746138" lon="19.974304">
        <ele>330.2</ele>
        <time>2026-05-10T07:03:02.000Z</time>
      </trkpt>
      <trkpt lat="49.745502" lon="19.974882">
        <ele>330.6</ele>
        <time>2026-05-10T07:03:16.000Z</time>
      </trkpt>
      <trkpt lat="49.741889" lon="19.977031">
        <ele>334</ele>
        <time>2026-05-10T07:04:29.000Z</time>
      </trkpt>
      <trkpt lat="49.740467" lon="19.977214">
        <ele>337.1</ele>
        <time>2026-05-10T07:05:01.000Z</time>
      </trkpt>
      <trkpt lat="49.739359" lon="19.97677">
        <ele>338.9</ele>
        <time>2026-05-10T07:05:28.000Z</time>
      </trkpt>
      <trkpt lat="49.738436" lon="19.975839">
        <ele>339</ele>
        <time>2026-05-10T07:05:50.000Z</time>
      </trkpt>
      <trkpt lat="49.738151" lon="19.975369">
        <ele>338.9</ele>
        <time>2026-05-10T07:05:58.000Z</time>
      </trkpt>
      <trkpt lat="49.738" lon="19.974813">
        <ele>338.9</ele>
        <time>2026-05-10T07:06:05.000Z</time>
      </trkpt>
      <trkpt lat="49.737759" lon="19.97304">
        <ele>339.7</ele>
        <time>2026-05-10T07:06:28.000Z</time>
      </trkpt>
      <trkpt lat="49.73779" lon="19.972455">
        <ele>339.5</ele>
        <time>2026-05-10T07:06:36.000Z</time>
      </trkpt>
      <trkpt lat="49.737996" lon="19.971528">
        <ele>339.5</ele>
        <time>2026-05-10T07:06:48.000Z</time>
      </trkpt>
      <trkpt lat="49.738834" lon="19.969724">
        <ele>340.6</ele>
        <time>2026-05-10T07:07:17.000Z</time>
      </trkpt>
      <trkpt lat="49.739735" lon="19.96812">
        <ele>341.8</ele>
        <time>2026-05-10T07:07:47.000Z</time>
      </trkpt>
      <trkpt lat="49.739866" lon="19.967617">
        <ele>342.2</ele>
        <time>2026-05-10T07:07:54.000Z</time>
      </trkpt>
      <trkpt lat="49.739972" lon="19.967084">
        <ele>342.5</ele>
        <time>2026-05-10T07:08:01.000Z</time>
      </trkpt>
      <trkpt lat="49.740331" lon="19.963383">
        <ele>344.8</ele>
        <time>2026-05-10T07:08:49.000Z</time>
      </trkpt>
      <trkpt lat="49.740428" lon="19.960821">
        <ele>346.1</ele>
        <time>2026-05-10T07:09:21.000Z</time>
      </trkpt>
      <trkpt lat="49.740385" lon="19.9601">
        <ele>346.5</ele>
        <time>2026-05-10T07:09:30.000Z</time>
      </trkpt>
      <trkpt lat="49.740259" lon="19.959495">
        <ele>346.9</ele>
        <time>2026-05-10T07:09:38.000Z</time>
      </trkpt>
      <trkpt lat="49.738288" lon="19.954857">
        <ele>350.1</ele>
        <time>2026-05-10T07:10:46.000Z</time>
      </trkpt>
      <trkpt lat="49.738153" lon="19.954245">
        <ele>350.9</ele>
        <time>2026-05-10T07:10:55.000Z</time>
      </trkpt>
      <trkpt lat="49.738096" lon="19.953029">
        <ele>352.1</ele>
        <time>2026-05-10T07:11:12.000Z</time>
      </trkpt>
      <trkpt lat="49.738444" lon="19.950754">
        <ele>354.5</ele>
        <time>2026-05-10T07:11:44.000Z</time>
      </trkpt>
      <trkpt lat="49.738452" lon="19.950202">
        <ele>355</ele>
        <time>2026-05-10T07:11:52.000Z</time>
      </trkpt>
      <trkpt lat="49.738196" lon="19.948247">
        <ele>357.1</ele>
        <time>2026-05-10T07:12:17.000Z</time>
      </trkpt>
      <trkpt lat="49.738137" lon="19.945684">
        <ele>359.4</ele>
        <time>2026-05-10T07:12:51.000Z</time>
      </trkpt>
      <trkpt lat="49.738164" lon="19.944517">
        <ele>360.4</ele>
        <time>2026-05-10T07:13:08.000Z</time>
      </trkpt>
      <trkpt lat="49.73798" lon="19.940704">
        <ele>362.9</ele>
        <time>2026-05-10T07:13:57.000Z</time>
      </trkpt>
      <trkpt lat="49.737893" lon="19.940376">
        <ele>363.2</ele>
        <time>2026-05-10T07:14:01.000Z</time>
      </trkpt>
      <trkpt lat="49.737863" lon="19.938989">
        <ele>364.6</ele>
        <time>2026-05-10T07:14:18.000Z</time>
      </trkpt>
      <trkpt lat="49.737251" lon="19.933886">
        <ele>369.5</ele>
        <time>2026-05-10T07:15:24.000Z</time>
      </trkpt>
      <trkpt lat="49.737162" lon="19.931802">
        <ele>371.3</ele>
        <time>2026-05-10T07:15:51.000Z</time>
      </trkpt>
      <trkpt lat="49.737219" lon="19.928825">
        <ele>372</ele>
        <time>2026-05-10T07:16:28.000Z</time>
      </trkpt>
      <trkpt lat="49.73744" lon="19.926858">
        <ele>373.6</ele>
        <time>2026-05-10T07:16:53.000Z</time>
      </trkpt>
      <trkpt lat="49.737484" lon="19.923001">
        <ele>372.9</ele>
        <time>2026-05-10T07:17:37.000Z</time>
      </trkpt>
      <trkpt lat="49.737475" lon="19.921193">
        <ele>374.5</ele>
        <time>2026-05-10T07:17:58.000Z</time>
      </trkpt>
      <trkpt lat="49.737291" lon="19.917897">
        <ele>377</ele>
        <time>2026-05-10T07:18:36.000Z</time>
      </trkpt>
      <trkpt lat="49.73788" lon="19.912397">
        <ele>382.6</ele>
        <time>2026-05-10T07:19:43.000Z</time>
      </trkpt>
      <trkpt lat="49.737834" lon="19.911039">
        <ele>383.3</ele>
        <time>2026-05-10T07:20:00.000Z</time>
      </trkpt>
      <trkpt lat="49.737562" lon="19.909078">
        <ele>383.8</ele>
        <time>2026-05-10T07:20:24.000Z</time>
      </trkpt>
      <trkpt lat="49.737505" lon="19.908185">
        <ele>385</ele>
        <time>2026-05-10T07:20:35.000Z</time>
      </trkpt>
      <trkpt lat="49.737565" lon="19.907453">
        <ele>386.1</ele>
        <time>2026-05-10T07:20:45.000Z</time>
      </trkpt>
      <trkpt lat="49.738127" lon="19.905711">
        <ele>389.6</ele>
        <time>2026-05-10T07:21:13.000Z</time>
      </trkpt>
      <trkpt lat="49.738202" lon="19.905158">
        <ele>391.1</ele>
        <time>2026-05-10T07:21:22.000Z</time>
      </trkpt>
      <trkpt lat="49.738122" lon="19.904183">
        <ele>392.7</ele>
        <time>2026-05-10T07:21:37.000Z</time>
      </trkpt>
      <trkpt lat="49.737692" lon="19.901685">
        <ele>396.4</ele>
        <time>2026-05-10T07:22:15.000Z</time>
      </trkpt>
      <trkpt lat="49.737199" lon="19.898032">
        <ele>398.9</ele>
        <time>2026-05-10T07:23:00.000Z</time>
      </trkpt>
      <trkpt lat="49.737173" lon="19.8973">
        <ele>399.7</ele>
        <time>2026-05-10T07:23:09.000Z</time>
      </trkpt>
      <trkpt lat="49.737373" lon="19.895251">
        <ele>404.8</ele>
        <time>2026-05-10T07:23:39.000Z</time>
      </trkpt>
      <trkpt lat="49.737372" lon="19.89456">
        <ele>405.9</ele>
        <time>2026-05-10T07:23:49.000Z</time>
      </trkpt>
      <trkpt lat="49.736977" lon="19.892993">
        <ele>406.9</ele>
        <time>2026-05-10T07:24:12.000Z</time>
      </trkpt>
      <trkpt lat="49.736577" lon="19.89116">
        <ele>406.5</ele>
        <time>2026-05-10T07:24:35.000Z</time>
      </trkpt>
      <trkpt lat="49.735437" lon="19.888213">
        <ele>406.3</ele>
        <time>2026-05-10T07:25:12.000Z</time>
      </trkpt>
      <trkpt lat="49.735079" lon="19.886339">
        <ele>405.9</ele>
        <time>2026-05-10T07:25:36.000Z</time>
      </trkpt>
      <trkpt lat="49.734816" lon="19.885832">
        <ele>404.6</ele>
        <time>2026-05-10T07:25:43.000Z</time>
      </trkpt>
      <trkpt lat="49.733948" lon="19.884653">
        <ele>403.2</ele>
        <time>2026-05-10T07:25:59.000Z</time>
      </trkpt>
      <trkpt lat="49.733568" lon="19.883828">
        <ele>403.5</ele>
        <time>2026-05-10T07:26:09.000Z</time>
      </trkpt>
      <trkpt lat="49.732747" lon="19.881581">
        <ele>405.2</ele>
        <time>2026-05-10T07:26:39.000Z</time>
      </trkpt>
      <trkpt lat="49.732128" lon="19.880034">
        <ele>407.3</ele>
        <time>2026-05-10T07:27:01.000Z</time>
      </trkpt>
      <trkpt lat="49.732174" lon="19.879481">
        <ele>407.3</ele>
        <time>2026-05-10T07:27:09.000Z</time>
      </trkpt>
      <trkpt lat="49.731968" lon="19.879422">
        <ele>407.9</ele>
        <time>2026-05-10T07:27:14.000Z</time>
      </trkpt>
      <trkpt lat="49.731877" lon="19.879251">
        <ele>408.5</ele>
        <time>2026-05-10T07:27:17.000Z</time>
      </trkpt>
      <trkpt lat="49.730998" lon="19.876489">
        <ele>410</ele>
        <time>2026-05-10T07:27:54.000Z</time>
      </trkpt>
      <trkpt lat="49.730306" lon="19.875413">
        <ele>410.7</ele>
        <time>2026-05-10T07:28:11.000Z</time>
      </trkpt>
      <trkpt lat="49.729299" lon="19.873356">
        <ele>412.8</ele>
        <time>2026-05-10T07:28:41.000Z</time>
      </trkpt>
      <trkpt lat="49.728896" lon="19.872787">
        <ele>413.5</ele>
        <time>2026-05-10T07:28:52.000Z</time>
      </trkpt>
      <trkpt lat="49.728491" lon="19.872406">
        <ele>414</ele>
        <time>2026-05-10T07:29:01.000Z</time>
      </trkpt>
      <trkpt lat="49.72764" lon="19.872219">
        <ele>414.7</ele>
        <time>2026-05-10T07:29:15.000Z</time>
      </trkpt>
      <trkpt lat="49.72721" lon="19.872289">
        <ele>415.8</ele>
        <time>2026-05-10T07:29:22.000Z</time>
      </trkpt>
      <trkpt lat="49.725495" lon="19.871386">
        <ele>420.9</ele>
        <time>2026-05-10T07:29:58.000Z</time>
      </trkpt>
      <trkpt lat="49.724886" lon="19.871273">
        <ele>422.6</ele>
        <time>2026-05-10T07:37:58.000Z</time>
      </trkpt>
      <trkpt lat="49.724361" lon="19.870479">
        <ele>424.5</ele>
        <time>2026-05-10T07:38:14.000Z</time>
      </trkpt>
      <trkpt lat="49.724052" lon="19.870342">
        <ele>425.4</ele>
        <time>2026-05-10T07:38:20.000Z</time>
      </trkpt>
      <trkpt lat="49.723842" lon="19.870404">
        <ele>425.8</ele>
        <time>2026-05-10T07:38:24.000Z</time>
      </trkpt>
      <trkpt lat="49.723285" lon="19.870221">
        <ele>427.6</ele>
        <time>2026-05-10T07:38:35.000Z</time>
      </trkpt>
      <trkpt lat="49.722615" lon="19.870197">
        <ele>424</ele>
        <time>2026-05-10T07:38:50.000Z</time>
      </trkpt>
      <trkpt lat="49.722314" lon="19.869957">
        <ele>425.1</ele>
        <time>2026-05-10T07:38:58.000Z</time>
      </trkpt>
      <trkpt lat="49.722152" lon="19.869769">
        <ele>425.9</ele>
        <time>2026-05-10T07:39:12.000Z</time>
      </trkpt>
      <trkpt lat="49.722066" lon="19.869577">
        <ele>426.5</ele>
        <time>2026-05-10T07:39:20.000Z</time>
      </trkpt>
      <trkpt lat="49.719289" lon="19.869118">
        <ele>429.2</ele>
        <time>2026-05-10T07:40:13.000Z</time>
      </trkpt>
      <trkpt lat="49.71844" lon="19.868613">
        <ele>431.2</ele>
        <time>2026-05-10T07:40:30.000Z</time>
      </trkpt>
      <trkpt lat="49.717665" lon="19.867601">
        <ele>433.4</ele>
        <time>2026-05-10T07:40:49.000Z</time>
      </trkpt>
      <trkpt lat="49.717287" lon="19.86738">
        <ele>433.7</ele>
        <time>2026-05-10T07:40:57.000Z</time>
      </trkpt>
      <trkpt lat="49.716109" lon="19.86738">
        <ele>435.7</ele>
        <time>2026-05-10T07:41:18.000Z</time>
      </trkpt>
      <trkpt lat="49.715665" lon="19.867544">
        <ele>436.7</ele>
        <time>2026-05-10T07:41:27.000Z</time>
      </trkpt>
      <trkpt lat="49.714616" lon="19.868465">
        <ele>438.3</ele>
        <time>2026-05-10T07:41:52.000Z</time>
      </trkpt>
      <trkpt lat="49.71381" lon="19.869372">
        <ele>439.9</ele>
        <time>2026-05-10T07:42:13.000Z</time>
      </trkpt>
      <trkpt lat="49.713027" lon="19.869585">
        <ele>441.8</ele>
        <time>2026-05-10T07:42:30.000Z</time>
      </trkpt>
      <trkpt lat="49.712402" lon="19.869979">
        <ele>442.6</ele>
        <time>2026-05-10T07:42:45.000Z</time>
      </trkpt>
      <trkpt lat="49.712012" lon="19.870471">
        <ele>442.9</ele>
        <time>2026-05-10T07:42:56.000Z</time>
      </trkpt>
      <trkpt lat="49.711329" lon="19.871644">
        <ele>444.5</ele>
        <time>2026-05-10T07:43:18.000Z</time>
      </trkpt>
      <trkpt lat="49.71097" lon="19.871926">
        <ele>445.2</ele>
        <time>2026-05-10T07:43:26.000Z</time>
      </trkpt>
      <trkpt lat="49.710448" lon="19.871718">
        <ele>447.2</ele>
        <time>2026-05-10T07:43:38.000Z</time>
      </trkpt>
      <trkpt lat="49.709849" lon="19.870896">
        <ele>448</ele>
        <time>2026-05-10T07:43:54.000Z</time>
      </trkpt>
      <trkpt lat="49.709619" lon="19.8704">
        <ele>448.6</ele>
        <time>2026-05-10T07:44:01.000Z</time>
      </trkpt>
      <trkpt lat="49.709008" lon="19.869939">
        <ele>450.6</ele>
        <time>2026-05-10T07:44:16.000Z</time>
      </trkpt>
      <trkpt lat="49.707175" lon="19.869126">
        <ele>454.7</ele>
        <time>2026-05-10T07:44:57.000Z</time>
      </trkpt>
      <trkpt lat="49.706418" lon="19.869101">
        <ele>454.9</ele>
        <time>2026-05-10T07:45:16.000Z</time>
      </trkpt>
      <trkpt lat="49.705342" lon="19.869597">
        <ele>455.2</ele>
        <time>2026-05-10T07:45:36.000Z</time>
      </trkpt>
      <trkpt lat="49.704132" lon="19.8699">
        <ele>456.7</ele>
        <time>2026-05-10T07:46:01.000Z</time>
      </trkpt>
      <trkpt lat="49.703223" lon="19.870491">
        <ele>456.6</ele>
        <time>2026-05-10T07:46:19.000Z</time>
      </trkpt>
      <trkpt lat="49.70254" lon="19.870565">
        <ele>457.8</ele>
        <time>2026-05-10T07:46:32.000Z</time>
      </trkpt>
      <trkpt lat="49.701779" lon="19.871197">
        <ele>458.4</ele>
        <time>2026-05-10T07:46:49.000Z</time>
      </trkpt>
      <trkpt lat="49.700863" lon="19.8721">
        <ele>460.5</ele>
        <time>2026-05-10T07:47:11.000Z</time>
      </trkpt>
      <trkpt lat="49.699924" lon="19.872388">
        <ele>463.2</ele>
        <time>2026-05-10T07:47:32.000Z</time>
      </trkpt>
      <trkpt lat="49.69932" lon="19.871819">
        <ele>463.7</ele>
        <time>2026-05-10T07:47:46.000Z</time>
      </trkpt>
      <trkpt lat="49.698939" lon="19.871591">
        <ele>464.2</ele>
        <time>2026-05-10T07:47:54.000Z</time>
      </trkpt>
      <trkpt lat="49.698167" lon="19.871249">
        <ele>465.8</ele>
        <time>2026-05-10T07:48:10.000Z</time>
      </trkpt>
      <trkpt lat="49.697589" lon="19.871264">
        <ele>466.8</ele>
        <time>2026-05-10T07:48:21.000Z</time>
      </trkpt>
      <trkpt lat="49.697405" lon="19.871161">
        <ele>467.2</ele>
        <time>2026-05-10T07:48:26.000Z</time>
      </trkpt>
      <trkpt lat="49.697197" lon="19.871552">
        <ele>468</ele>
        <time>2026-05-10T07:48:36.000Z</time>
      </trkpt>
      <trkpt lat="49.696879" lon="19.872351">
        <ele>470.8</ele>
        <time>2026-05-10T07:48:54.000Z</time>
      </trkpt>
      <trkpt lat="49.696185" lon="19.872822">
        <ele>471.5</ele>
        <time>2026-05-10T07:49:11.000Z</time>
      </trkpt>
      <trkpt lat="49.694856" lon="19.873305">
        <ele>475.5</ele>
        <time>2026-05-10T07:49:44.000Z</time>
      </trkpt>
      <trkpt lat="49.693823" lon="19.873945">
        <ele>478.3</ele>
        <time>2026-05-10T07:50:12.000Z</time>
      </trkpt>
      <trkpt lat="49.69015" lon="19.875163">
        <ele>486.4</ele>
        <time>2026-05-10T07:51:37.000Z</time>
      </trkpt>
      <trkpt lat="49.689796" lon="19.875173">
        <ele>488.4</ele>
        <time>2026-05-10T07:51:46.000Z</time>
      </trkpt>
      <trkpt lat="49.688293" lon="19.874808">
        <ele>492.2</ele>
        <time>2026-05-10T07:52:27.000Z</time>
      </trkpt>
      <trkpt lat="49.686704" lon="19.875481">
        <ele>494</ele>
        <time>2026-05-10T07:53:03.000Z</time>
      </trkpt>
      <trkpt lat="49.685718" lon="19.876234">
        <ele>497.6</ele>
        <time>2026-05-10T07:53:31.000Z</time>
      </trkpt>
      <trkpt lat="49.684137" lon="19.876493">
        <ele>502.8</ele>
        <time>2026-05-10T07:54:13.000Z</time>
      </trkpt>
      <trkpt lat="49.683929" lon="19.87642">
        <ele>502.9</ele>
        <time>2026-05-10T07:54:18.000Z</time>
      </trkpt>
      <trkpt lat="49.683522" lon="19.876557">
        <ele>502.5</ele>
        <time>2026-05-10T07:54:26.000Z</time>
      </trkpt>
      <trkpt lat="49.682525" lon="19.877468">
        <ele>504</ele>
        <time>2026-05-10T07:54:51.000Z</time>
      </trkpt>
      <trkpt lat="49.682251" lon="19.877606">
        <ele>504.9</ele>
        <time>2026-05-10T07:55:58.000Z</time>
      </trkpt>
      <trkpt lat="49.681703" lon="19.877917">
        <ele>506.8</ele>
        <time>2026-05-10T07:56:13.000Z</time>
      </trkpt>
      <trkpt lat="49.680862" lon="19.878062">
        <ele>512.5</ele>
        <time>2026-05-10T07:56:43.000Z</time>
      </trkpt>
      <trkpt lat="49.680017" lon="19.877923">
        <ele>520.2</ele>
        <time>2026-05-10T07:57:19.000Z</time>
      </trkpt>
      <trkpt lat="49.679781" lon="19.877984">
        <ele>522.8</ele>
        <time>2026-05-10T07:57:30.000Z</time>
      </trkpt>
      <trkpt lat="49.679569" lon="19.878367">
        <ele>526.5</ele>
        <time>2026-05-10T07:57:44.000Z</time>
      </trkpt>
      <trkpt lat="49.679575" lon="19.878701">
        <ele>528.6</ele>
        <time>2026-05-10T07:57:55.000Z</time>
      </trkpt>
      <trkpt lat="49.679955" lon="19.879236">
        <ele>532.7</ele>
        <time>2026-05-10T07:58:16.000Z</time>
      </trkpt>
      <trkpt lat="49.680246" lon="19.879888">
        <ele>536.5</ele>
        <time>2026-05-10T07:58:36.000Z</time>
      </trkpt>
      <trkpt lat="49.680325" lon="19.880346">
        <ele>539.1</ele>
        <time>2026-05-10T07:58:49.000Z</time>
      </trkpt>
      <trkpt lat="49.679805" lon="19.881811">
        <ele>548.8</ele>
        <time>2026-05-10T07:59:35.000Z</time>
      </trkpt>
      <trkpt lat="49.679395" lon="19.882019">
        <ele>554</ele>
        <time>2026-05-10T07:59:57.000Z</time>
      </trkpt>
      <trkpt lat="49.676837" lon="19.880789">
        <ele>578.4</ele>
        <time>2026-05-10T08:01:57.000Z</time>
      </trkpt>
      <trkpt lat="49.676171" lon="19.880699">
        <ele>585</ele>
        <time>2026-05-10T08:02:27.000Z</time>
      </trkpt>
      <trkpt lat="49.675933" lon="19.878944">
        <ele>585</ele>
        <time>2026-05-10T08:02:57.000Z</time>
      </trkpt>
      <trkpt lat="49.675753" lon="19.878667">
        <ele>586</ele>
        <time>2026-05-10T08:03:04.000Z</time>
      </trkpt>
      <trkpt lat="49.674566" lon="19.878694">
        <ele>586.3</ele>
        <time>2026-05-10T08:03:28.000Z</time>
      </trkpt>
      <trkpt lat="49.673952" lon="19.878338">
        <ele>584.1</ele>
        <time>2026-05-10T08:03:41.000Z</time>
      </trkpt>
      <trkpt lat="49.673361" lon="19.878479">
        <ele>578.4</ele>
        <time>2026-05-10T08:03:52.000Z</time>
      </trkpt>
      <trkpt lat="49.672695" lon="19.878392">
        <ele>569.9</ele>
        <time>2026-05-10T08:04:07.000Z</time>
      </trkpt>
      <trkpt lat="49.67182" lon="19.877855">
        <ele>556.4</ele>
        <time>2026-05-10T08:04:27.000Z</time>
      </trkpt>
      <trkpt lat="49.670554" lon="19.87802">
        <ele>545.8</ele>
        <time>2026-05-10T08:04:42.000Z</time>
      </trkpt>
      <trkpt lat="49.669552" lon="19.878374">
        <ele>541.2</ele>
        <time>2026-05-10T08:04:53.000Z</time>
      </trkpt>
      <trkpt lat="49.668498" lon="19.878318">
        <ele>539.1</ele>
        <time>2026-05-10T08:05:06.000Z</time>
      </trkpt>
      <trkpt lat="49.666628" lon="19.877525">
        <ele>539</ele>
        <time>2026-05-10T08:05:40.000Z</time>
      </trkpt>
      <trkpt lat="49.66588" lon="19.877362">
        <ele>539</ele>
        <time>2026-05-10T08:05:55.000Z</time>
      </trkpt>
      <trkpt lat="49.664517" lon="19.876545">
        <ele>536.3</ele>
        <time>2026-05-10T08:06:23.000Z</time>
      </trkpt>
      <trkpt lat="49.663198" lon="19.876213">
        <ele>524.3</ele>
        <time>2026-05-10T08:06:41.000Z</time>
      </trkpt>
      <trkpt lat="49.66222" lon="19.876414">
        <ele>519.8</ele>
        <time>2026-05-10T08:06:57.000Z</time>
      </trkpt>
      <trkpt lat="49.661187" lon="19.876238">
        <ele>514.7</ele>
        <time>2026-05-10T08:07:11.000Z</time>
      </trkpt>
      <trkpt lat="49.660078" lon="19.876265">
        <ele>513.1</ele>
        <time>2026-05-10T08:07:26.000Z</time>
      </trkpt>
      <trkpt lat="49.659073" lon="19.876051">
        <ele>511.6</ele>
        <time>2026-05-10T08:07:42.000Z</time>
      </trkpt>
      <trkpt lat="49.658543" lon="19.876339">
        <ele>507.9</ele>
        <time>2026-05-10T08:07:49.000Z</time>
      </trkpt>
      <trkpt lat="49.65775" lon="19.877413">
        <ele>498.5</ele>
        <time>2026-05-10T08:08:01.000Z</time>
      </trkpt>
      <trkpt lat="49.657631" lon="19.877462">
        <ele>497.4</ele>
        <time>2026-05-10T08:08:03.000Z</time>
      </trkpt>
      <trkpt lat="49.657415" lon="19.877232">
        <ele>494.4</ele>
        <time>2026-05-10T08:08:08.000Z</time>
      </trkpt>
      <trkpt lat="49.657575" lon="19.876162">
        <ele>488.1</ele>
        <time>2026-05-10T08:08:16.000Z</time>
      </trkpt>
      <trkpt lat="49.657558" lon="19.875791">
        <ele>487.8</ele>
        <time>2026-05-10T08:08:19.000Z</time>
      </trkpt>
      <trkpt lat="49.657468" lon="19.87559">
        <ele>487.5</ele>
        <time>2026-05-10T08:08:21.000Z</time>
      </trkpt>
      <trkpt lat="49.657333" lon="19.875535">
        <ele>487.2</ele>
        <time>2026-05-10T08:08:23.000Z</time>
      </trkpt>
      <trkpt lat="49.656266" lon="19.876696">
        <ele>486.5</ele>
        <time>2026-05-10T08:08:42.000Z</time>
      </trkpt>
      <trkpt lat="49.655095" lon="19.876713">
        <ele>486.5</ele>
        <time>2026-05-10T08:09:03.000Z</time>
      </trkpt>
      <trkpt lat="49.654185" lon="19.877023">
        <ele>484.9</ele>
        <time>2026-05-10T08:09:20.000Z</time>
      </trkpt>
      <trkpt lat="49.653219" lon="19.876792">
        <ele>480.2</ele>
        <time>2026-05-10T08:09:40.762Z</time>
      </trkpt>
      <trkpt lat="49.653219" lon="19.876792">
        <ele>483.15865307759566</ele>
        <time>2026-05-10T08:09:40.762Z</time>
      </trkpt>
      <trkpt lat="49.65299430621204" lon="19.876673942612598">
        <ele>482.3339477267791</ele>
        <time>2026-05-10T08:09:45.803Z</time>
      </trkpt>
      <trkpt lat="49.652835416694046" lon="19.876291652309618">
        <ele>480.9858645070798</ele>
        <time>2026-05-10T08:09:52.050Z</time>
      </trkpt>
      <trkpt lat="49.652835416694046" lon="19.876291652309618">
        <ele>480.9858645070798</ele>
        <time>2026-05-10T08:09:52.050Z</time>
      </trkpt>
      <trkpt lat="49.652835416694046" lon="19.876291652309618">
        <ele>480.9858645070798</ele>
        <time>2026-05-10T08:09:52.050Z</time>
      </trkpt>
      <trkpt lat="49.652652081990595" lon="19.87652763397756">
        <ele>480.90315907443954</ele>
        <time>2026-05-10T08:09:56.934Z</time>
      </trkpt>
      <trkpt lat="49.652652081990595" lon="19.87652763397756">
        <ele>480.90315907443954</ele>
        <time>2026-05-10T08:09:56.934Z</time>
      </trkpt>
      <trkpt lat="49.65243923080695" lon="19.876581478663468">
        <ele>480.0733423116226</ele>
        <time>2026-05-10T08:10:01.350Z</time>
      </trkpt>
      <trkpt lat="49.65243923080695" lon="19.876581478663468">
        <ele>480.0733423116226</ele>
        <time>2026-05-10T08:10:01.350Z</time>
      </trkpt>
      <trkpt lat="49.651994425398144" lon="19.87647969597529">
        <ele>479.29723537883103</ele>
        <time>2026-05-10T08:10:10.557Z</time>
      </trkpt>
      <trkpt lat="49.65154961998933" lon="19.87637791328711">
        <ele>479.5031271972232</ele>
        <time>2026-05-10T08:10:19.764Z</time>
      </trkpt>
      <trkpt lat="49.65143383267494" lon="19.876351418231337">
        <ele>479.3256324811385</ele>
        <time>2026-05-10T08:10:22.160Z</time>
      </trkpt>
      <trkpt lat="49.651074" lon="19.876356">
        <ele>479.36042298083265</ele>
        <time>2026-05-10T08:10:29.528Z</time>
      </trkpt>
      <trkpt lat="49.651074" lon="19.876356">
        <ele>479.6</ele>
        <time>2026-05-10T08:10:29.528Z</time>
      </trkpt>
      <trkpt lat="49.650454" lon="19.87696">
        <ele>485.7</ele>
        <time>2026-05-10T08:10:55.000Z</time>
      </trkpt>
      <trkpt lat="49.650117" lon="19.87755">
        <ele>493.6</ele>
        <time>2026-05-10T08:11:28.000Z</time>
      </trkpt>
      <trkpt lat="49.649755" lon="19.87798">
        <ele>500.8</ele>
        <time>2026-05-10T08:11:57.000Z</time>
      </trkpt>
      <trkpt lat="49.648612" lon="19.878546">
        <ele>516.5</ele>
        <time>2026-05-10T08:13:36.000Z</time>
      </trkpt>
      <trkpt lat="49.647969" lon="19.879031">
        <ele>524.8</ele>
        <time>2026-05-10T08:14:11.000Z</time>
      </trkpt>
      <trkpt lat="49.647225" lon="19.879065">
        <ele>530.4</ele>
        <time>2026-05-10T08:14:42.000Z</time>
      </trkpt>
      <trkpt lat="49.646944" lon="19.879136">
        <ele>532.9</ele>
        <time>2026-05-10T08:14:55.000Z</time>
      </trkpt>
      <trkpt lat="49.646282" lon="19.87977">
        <ele>536.7</ele>
        <time>2026-05-10T08:15:24.000Z</time>
      </trkpt>
      <trkpt lat="49.64625" lon="19.879615">
        <ele>536.1</ele>
        <time>2026-05-10T08:15:31.000Z</time>
      </trkpt>
      <trkpt lat="49.645756" lon="19.876289">
        <ele>532.6</ele>
        <time>2026-05-10T08:17:22.000Z</time>
      </trkpt>
      <trkpt lat="49.644285" lon="19.877457">
        <ele>525.1</ele>
        <time>2026-05-10T08:17:58.000Z</time>
      </trkpt>
      <trkpt lat="49.643039" lon="19.878294">
        <ele>524.1</ele>
        <time>2026-05-10T08:18:19.000Z</time>
      </trkpt>
      <trkpt lat="49.642078" lon="19.878703">
        <ele>518.8</ele>
        <time>2026-05-10T08:18:32.000Z</time>
      </trkpt>
      <trkpt lat="49.640665" lon="19.879171">
        <ele>523.1</ele>
        <time>2026-05-10T08:18:53.000Z</time>
      </trkpt>
      <trkpt lat="49.639913" lon="19.879378">
        <ele>519.3</ele>
        <time>2026-05-10T08:19:05.000Z</time>
      </trkpt>
      <trkpt lat="49.639376" lon="19.879315">
        <ele>513.5</ele>
        <time>2026-05-10T08:19:13.000Z</time>
      </trkpt>
      <trkpt lat="49.636603" lon="19.878464">
        <ele>497.9</ele>
        <time>2026-05-10T08:19:47.000Z</time>
      </trkpt>
      <trkpt lat="49.636218" lon="19.878281">
        <ele>498</ele>
        <time>2026-05-10T08:19:53.000Z</time>
      </trkpt>
      <trkpt lat="49.635392" lon="19.877569">
        <ele>499.4</ele>
        <time>2026-05-10T08:20:11.000Z</time>
      </trkpt>
      <trkpt lat="49.634902" lon="19.877458">
        <ele>500.3</ele>
        <time>2026-05-10T08:20:22.000Z</time>
      </trkpt>
      <trkpt lat="49.633946" lon="19.877907">
        <ele>495.4</ele>
        <time>2026-05-10T08:20:38.000Z</time>
      </trkpt>
      <trkpt lat="49.632924" lon="19.878585">
        <ele>488.4</ele>
        <time>2026-05-10T08:20:51.000Z</time>
      </trkpt>
      <trkpt lat="49.631665" lon="19.880849">
        <ele>472.3</ele>
        <time>2026-05-10T08:21:13.000Z</time>
      </trkpt>
      <trkpt lat="49.630669" lon="19.881805">
        <ele>461.6</ele>
        <time>2026-05-10T08:21:24.000Z</time>
      </trkpt>
      <trkpt lat="49.628499" lon="19.885105">
        <ele>464.5</ele>
        <time>2026-05-10T08:22:11.000Z</time>
      </trkpt>
      <trkpt lat="49.627437" lon="19.886131">
        <ele>464.9</ele>
        <time>2026-05-10T08:22:32.000Z</time>
      </trkpt>
      <trkpt lat="49.625114" lon="19.887877">
        <ele>468.1</ele>
        <time>2026-05-10T08:23:30.000Z</time>
      </trkpt>
      <trkpt lat="49.624091" lon="19.888281">
        <ele>470.3</ele>
        <time>2026-05-10T08:23:57.000Z</time>
      </trkpt>
      <trkpt lat="49.622487" lon="19.889181">
        <ele>470.6</ele>
        <time>2026-05-10T08:24:47.000Z</time>
      </trkpt>
      <trkpt lat="49.621792" lon="19.88911">
        <ele>467.7</ele>
        <time>2026-05-10T08:25:35.000Z</time>
      </trkpt>
      <trkpt lat="49.620704" lon="19.889341">
        <ele>464.3</ele>
        <time>2026-05-10T08:25:48.000Z</time>
      </trkpt>
      <trkpt lat="49.619705" lon="19.890079">
        <ele>466.7</ele>
        <time>2026-05-10T08:26:03.000Z</time>
      </trkpt>
      <trkpt lat="49.619105" lon="19.890392">
        <ele>470.1</ele>
        <time>2026-05-10T08:26:20.000Z</time>
      </trkpt>
      <trkpt lat="49.618199" lon="19.890781">
        <ele>471</ele>
        <time>2026-05-10T08:26:44.000Z</time>
      </trkpt>
      <trkpt lat="49.616748" lon="19.891141">
        <ele>472.9</ele>
        <time>2026-05-10T08:27:13.000Z</time>
      </trkpt>
      <trkpt lat="49.614744" lon="19.892115">
        <ele>473.4</ele>
        <time>2026-05-10T08:27:53.000Z</time>
      </trkpt>
      <trkpt lat="49.612403" lon="19.892627">
        <ele>481.9</ele>
        <time>2026-05-10T08:28:58.000Z</time>
      </trkpt>
      <trkpt lat="49.611628" lon="19.892684">
        <ele>488.2</ele>
        <time>2026-05-10T08:29:27.000Z</time>
      </trkpt>
      <trkpt lat="49.610548" lon="19.892982">
        <ele>491.2</ele>
        <time>2026-05-10T08:29:58.000Z</time>
      </trkpt>
      <trkpt lat="49.610276" lon="19.893266">
        <ele>490.7</ele>
        <time>2026-05-10T08:30:05.000Z</time>
      </trkpt>
      <trkpt lat="49.609304" lon="19.895121">
        <ele>482.5</ele>
        <time>2026-05-10T08:30:27.000Z</time>
      </trkpt>
      <trkpt lat="49.608875" lon="19.896746">
        <ele>475.2</ele>
        <time>2026-05-10T08:30:42.000Z</time>
      </trkpt>
      <trkpt lat="49.608609" lon="19.897356">
        <ele>472.6</ele>
        <time>2026-05-10T08:30:47.000Z</time>
      </trkpt>
      <trkpt lat="49.607961" lon="19.89825">
        <ele>470.1</ele>
        <time>2026-05-10T08:30:57.000Z</time>
      </trkpt>
      <trkpt lat="49.60663" lon="19.900796">
        <ele>471.8</ele>
        <time>2026-05-10T08:31:33.000Z</time>
      </trkpt>
      <trkpt lat="49.606409" lon="19.901864">
        <ele>473.5</ele>
        <time>2026-05-10T08:31:49.000Z</time>
      </trkpt>
      <trkpt lat="49.606321" lon="19.903978">
        <ele>473.9</ele>
        <time>2026-05-10T08:32:16.000Z</time>
      </trkpt>
      <trkpt lat="49.60608" lon="19.904678">
        <ele>474.2</ele>
        <time>2026-05-10T08:32:26.000Z</time>
      </trkpt>
      <trkpt lat="49.605717" lon="19.905224">
        <ele>474.2</ele>
        <time>2026-05-10T08:32:36.000Z</time>
      </trkpt>
      <trkpt lat="49.605205" lon="19.905733">
        <ele>474.3</ele>
        <time>2026-05-10T08:32:46.000Z</time>
      </trkpt>
      <trkpt lat="49.603255" lon="19.906884">
        <ele>474.2</ele>
        <time>2026-05-10T08:33:21.000Z</time>
      </trkpt>
      <trkpt lat="49.602972" lon="19.907168">
        <ele>475.3</ele>
        <time>2026-05-10T08:33:26.000Z</time>
      </trkpt>
      <trkpt lat="49.60281" lon="19.907578">
        <ele>477.8</ele>
        <time>2026-05-10T08:33:33.000Z</time>
      </trkpt>
      <trkpt lat="49.602835" lon="19.909283">
        <ele>487.6</ele>
        <time>2026-05-10T08:34:21.000Z</time>
      </trkpt>
      <trkpt lat="49.602746" lon="19.909689">
        <ele>488.5</ele>
        <time>2026-05-10T08:34:29.000Z</time>
      </trkpt>
      <trkpt lat="49.602533" lon="19.909812">
        <ele>486.2</ele>
        <time>2026-05-10T08:34:33.000Z</time>
      </trkpt>
      <trkpt lat="49.601321" lon="19.909493">
        <ele>477.3</ele>
        <time>2026-05-10T08:34:47.000Z</time>
      </trkpt>
      <trkpt lat="49.600334" lon="19.910411">
        <ele>489</ele>
        <time>2026-05-10T08:35:25.000Z</time>
      </trkpt>
      <trkpt lat="49.600411" lon="19.909016">
        <ele>485.9</ele>
        <time>2026-05-10T08:35:44.000Z</time>
      </trkpt>
      <trkpt lat="49.600339" lon="19.907526">
        <ele>477.2</ele>
        <time>2026-05-10T08:36:07.000Z</time>
      </trkpt>
      <trkpt lat="49.600108" lon="19.906691">
        <ele>474.8</ele>
        <time>2026-05-10T08:36:14.000Z</time>
      </trkpt>
      <trkpt lat="49.599612" lon="19.905801">
        <ele>474.9</ele>
        <time>2026-05-10T08:36:25.000Z</time>
      </trkpt>
      <trkpt lat="49.598848" lon="19.905395">
        <ele>476.1</ele>
        <time>2026-05-10T08:36:39.000Z</time>
      </trkpt>
      <trkpt lat="49.598621" lon="19.905105">
        <ele>476.3</ele>
        <time>2026-05-10T08:36:45.000Z</time>
      </trkpt>
      <trkpt lat="49.598106" lon="19.904025">
        <ele>476.6</ele>
        <time>2026-05-10T08:37:02.000Z</time>
      </trkpt>
      <trkpt lat="49.596988" lon="19.902341">
        <ele>477</ele>
        <time>2026-05-10T08:47:27.000Z</time>
      </trkpt>
      <trkpt lat="49.59669" lon="19.901532">
        <ele>477</ele>
        <time>2026-05-10T08:47:40.000Z</time>
      </trkpt>
      <trkpt lat="49.595896" lon="19.898294">
        <ele>477</ele>
        <time>2026-05-10T08:48:24.000Z</time>
      </trkpt>
      <trkpt lat="49.595702" lon="19.89779">
        <ele>477.1</ele>
        <time>2026-05-10T08:48:31.000Z</time>
      </trkpt>
      <trkpt lat="49.595011" lon="19.89691">
        <ele>479.6</ele>
        <time>2026-05-10T08:48:49.000Z</time>
      </trkpt>
      <trkpt lat="49.594756" lon="19.896203">
        <ele>480.7</ele>
        <time>2026-05-10T08:49:04.000Z</time>
      </trkpt>
      <trkpt lat="49.594708" lon="19.89593">
        <ele>480.1</ele>
        <time>2026-05-10T08:49:09.000Z</time>
      </trkpt>
      <trkpt lat="49.594808" lon="19.894554">
        <ele>478.2</ele>
        <time>2026-05-10T08:49:23.000Z</time>
      </trkpt>
      <trkpt lat="49.594806" lon="19.892242">
        <ele>484.2</ele>
        <time>2026-05-10T08:50:05.000Z</time>
      </trkpt>
      <trkpt lat="49.594926" lon="19.891083">
        <ele>484.6</ele>
        <time>2026-05-10T08:50:24.000Z</time>
      </trkpt>
      <trkpt lat="49.594885" lon="19.890145">
        <ele>485.9</ele>
        <time>2026-05-10T08:50:38.000Z</time>
      </trkpt>
      <trkpt lat="49.59475" lon="19.889318">
        <ele>486.6</ele>
        <time>2026-05-10T08:50:51.000Z</time>
      </trkpt>
      <trkpt lat="49.594798" lon="19.888266">
        <ele>486.5</ele>
        <time>2026-05-10T08:51:06.000Z</time>
      </trkpt>
      <trkpt lat="49.594752" lon="19.887631">
        <ele>487</ele>
        <time>2026-05-10T08:51:14.000Z</time>
      </trkpt>
      <trkpt lat="49.594434" lon="19.886157">
        <ele>487.9</ele>
        <time>2026-05-10T08:51:35.000Z</time>
      </trkpt>
      <trkpt lat="49.594241" lon="19.884645">
        <ele>488.1</ele>
        <time>2026-05-10T08:51:55.000Z</time>
      </trkpt>
      <trkpt lat="49.593735" lon="19.883251">
        <ele>489.1</ele>
        <time>2026-05-10T08:52:17.000Z</time>
      </trkpt>
      <trkpt lat="49.593292" lon="19.881626">
        <ele>489.6</ele>
        <time>2026-05-10T08:52:42.000Z</time>
      </trkpt>
      <trkpt lat="49.593106" lon="19.879764">
        <ele>484.5</ele>
        <time>2026-05-10T08:53:04.000Z</time>
      </trkpt>
      <trkpt lat="49.593136" lon="19.878731">
        <ele>485.1</ele>
        <time>2026-05-10T08:53:14.000Z</time>
      </trkpt>
      <trkpt lat="49.593288" lon="19.8777">
        <ele>489.7</ele>
        <time>2026-05-10T08:53:31.000Z</time>
      </trkpt>
      <trkpt lat="49.593253" lon="19.877186">
        <ele>491.7</ele>
        <time>2026-05-10T08:53:41.000Z</time>
      </trkpt>
      <trkpt lat="49.593083" lon="19.876668">
        <ele>493.2</ele>
        <time>2026-05-10T08:53:52.000Z</time>
      </trkpt>
      <trkpt lat="49.592896" lon="19.875331">
        <ele>490.2</ele>
        <time>2026-05-10T08:54:11.000Z</time>
      </trkpt>
      <trkpt lat="49.592892" lon="19.874459">
        <ele>486.6</ele>
        <time>2026-05-10T08:54:17.000Z</time>
      </trkpt>
      <trkpt lat="49.593038" lon="19.87318">
        <ele>488.5</ele>
        <time>2026-05-10T08:54:28.000Z</time>
      </trkpt>
      <trkpt lat="49.592893" lon="19.870357">
        <ele>489.5</ele>
        <time>2026-05-10T08:55:01.000Z</time>
      </trkpt>
      <trkpt lat="49.59322" lon="19.868581">
        <ele>488.5</ele>
        <time>2026-05-10T08:55:20.000Z</time>
      </trkpt>
      <trkpt lat="49.593178" lon="19.867754">
        <ele>488.8</ele>
        <time>2026-05-10T08:55:29.000Z</time>
      </trkpt>
      <trkpt lat="49.593014" lon="19.866891">
        <ele>490.7</ele>
        <time>2026-05-10T08:55:41.000Z</time>
      </trkpt>
      <trkpt lat="49.592503" lon="19.865314">
        <ele>494.8</ele>
        <time>2026-05-10T08:56:11.000Z</time>
      </trkpt>
      <trkpt lat="49.592075" lon="19.863487">
        <ele>496.3</ele>
        <time>2026-05-10T08:56:39.000Z</time>
      </trkpt>
      <trkpt lat="49.591099" lon="19.861689">
        <ele>501.6</ele>
        <time>2026-05-10T08:57:17.000Z</time>
      </trkpt>
      <trkpt lat="49.590921" lon="19.861627">
        <ele>502.2</ele>
        <time>2026-05-10T08:57:22.000Z</time>
      </trkpt>
      <trkpt lat="49.59028" lon="19.861794">
        <ele>505</ele>
        <time>2026-05-10T08:57:41.000Z</time>
      </trkpt>
      <trkpt lat="49.589032" lon="19.861554">
        <ele>506.7</ele>
        <time>2026-05-10T08:58:14.000Z</time>
      </trkpt>
      <trkpt lat="49.587998" lon="19.861963">
        <ele>497.8</ele>
        <time>2026-05-10T08:58:27.000Z</time>
      </trkpt>
      <trkpt lat="49.5862" lon="19.862465">
        <ele>499.8</ele>
        <time>2026-05-10T08:58:59.000Z</time>
      </trkpt>
      <trkpt lat="49.58575" lon="19.862296">
        <ele>497.7</ele>
        <time>2026-05-10T08:59:07.000Z</time>
      </trkpt>
      <trkpt lat="49.585211" lon="19.862315">
        <ele>496</ele>
        <time>2026-05-10T08:59:14.000Z</time>
      </trkpt>
      <trkpt lat="49.58492" lon="19.862495">
        <ele>496.8</ele>
        <time>2026-05-10T08:59:19.000Z</time>
      </trkpt>
      <trkpt lat="49.584291" lon="19.863259">
        <ele>500.4</ele>
        <time>2026-05-10T08:59:37.000Z</time>
      </trkpt>
      <trkpt lat="49.584088" lon="19.863378">
        <ele>501.2</ele>
        <time>2026-05-10T08:59:43.000Z</time>
      </trkpt>
      <trkpt lat="49.58338" lon="19.863167">
        <ele>504.9</ele>
        <time>2026-05-10T09:00:03.000Z</time>
      </trkpt>
      <trkpt lat="49.583119" lon="19.863223">
        <ele>505.6</ele>
        <time>2026-05-10T09:00:10.000Z</time>
      </trkpt>
      <trkpt lat="49.581953" lon="19.864416">
        <ele>505.3</ele>
        <time>2026-05-10T09:00:40.000Z</time>
      </trkpt>
      <trkpt lat="49.580294" lon="19.8654">
        <ele>506.2</ele>
        <time>2026-05-10T09:01:18.000Z</time>
      </trkpt>
      <trkpt lat="49.578606" lon="19.86625">
        <ele>514.1</ele>
        <time>2026-05-10T09:02:10.000Z</time>
      </trkpt>
      <trkpt lat="49.578337" lon="19.866451">
        <ele>515.4</ele>
        <time>2026-05-10T09:02:21.000Z</time>
      </trkpt>
      <trkpt lat="49.577653" lon="19.867075">
        <ele>519.4</ele>
        <time>2026-05-10T09:02:58.000Z</time>
      </trkpt>
      <trkpt lat="49.577203" lon="19.867572">
        <ele>523.7</ele>
        <time>2026-05-10T09:03:14.000Z</time>
      </trkpt>
      <trkpt lat="49.575968" lon="19.868486">
        <ele>526.9</ele>
        <time>2026-05-10T09:03:54.000Z</time>
      </trkpt>
      <trkpt lat="49.575642" lon="19.868619">
        <ele>529.1</ele>
        <time>2026-05-10T09:04:03.000Z</time>
      </trkpt>
      <trkpt lat="49.575159" lon="19.868402">
        <ele>535.4</ele>
        <time>2026-05-10T09:04:29.000Z</time>
      </trkpt>
      <trkpt lat="49.575043" lon="19.868471">
        <ele>536.3</ele>
        <time>2026-05-10T09:04:37.000Z</time>
      </trkpt>
      <trkpt lat="49.574711" lon="19.869406">
        <ele>542.1</ele>
        <time>2026-05-10T09:05:08.000Z</time>
      </trkpt>
      <trkpt lat="49.574306" lon="19.869762">
        <ele>545.7</ele>
        <time>2026-05-10T09:05:28.000Z</time>
      </trkpt>
      <trkpt lat="49.573483" lon="19.870906">
        <ele>544.1</ele>
        <time>2026-05-10T09:05:58.000Z</time>
      </trkpt>
      <trkpt lat="49.571383" lon="19.872236">
        <ele>540.7</ele>
        <time>2026-05-10T09:06:42.000Z</time>
      </trkpt>
      <trkpt lat="49.570342" lon="19.873235">
        <ele>535.9</ele>
        <time>2026-05-10T09:07:00.000Z</time>
      </trkpt>
      <trkpt lat="49.569692" lon="19.873325">
        <ele>531.3</ele>
        <time>2026-05-10T09:07:08.000Z</time>
      </trkpt>
      <trkpt lat="49.569434" lon="19.873492">
        <ele>528.1</ele>
        <time>2026-05-10T09:07:11.000Z</time>
      </trkpt>
      <trkpt lat="49.569026" lon="19.874601">
        <ele>526</ele>
        <time>2026-05-10T09:07:21.000Z</time>
      </trkpt>
      <trkpt lat="49.568223" lon="19.875472">
        <ele>527.2</ele>
        <time>2026-05-10T09:07:37.000Z</time>
      </trkpt>
      <trkpt lat="49.567714" lon="19.875293">
        <ele>529.8</ele>
        <time>2026-05-10T09:07:51.000Z</time>
      </trkpt>
      <trkpt lat="49.567586" lon="19.874985">
        <ele>531.2</ele>
        <time>2026-05-10T09:08:01.000Z</time>
      </trkpt>
      <trkpt lat="49.566831" lon="19.874745">
        <ele>535.6</ele>
        <time>2026-05-10T09:08:32.000Z</time>
      </trkpt>
      <trkpt lat="49.56662" lon="19.875849">
        <ele>535.3</ele>
        <time>2026-05-10T09:08:50.000Z</time>
      </trkpt>
      <trkpt lat="49.566338" lon="19.876571">
        <ele>533.8</ele>
        <time>2026-05-10T09:09:00.000Z</time>
      </trkpt>
      <trkpt lat="49.566271" lon="19.876635">
        <ele>533.8</ele>
        <time>2026-05-10T09:09:02.000Z</time>
      </trkpt>
      <trkpt lat="49.566143" lon="19.876427">
        <ele>533.6</ele>
        <time>2026-05-10T09:09:06.000Z</time>
      </trkpt>
      <trkpt lat="49.565858" lon="19.876698">
        <ele>531.7</ele>
        <time>2026-05-10T09:09:14.000Z</time>
      </trkpt>
      <trkpt lat="49.565393" lon="19.876505">
        <ele>531.3</ele>
        <time>2026-05-10T09:09:25.000Z</time>
      </trkpt>
      <trkpt lat="49.56537" lon="19.870469">
        <ele>553.2</ele>
        <time>2026-05-10T09:11:39.000Z</time>
      </trkpt>
      <trkpt lat="49.565109" lon="19.868487">
        <ele>553.7</ele>
        <time>2026-05-10T09:12:09.000Z</time>
      </trkpt>
      <trkpt lat="49.564766" lon="19.866711">
        <ele>550.4</ele>
        <time>2026-05-10T09:12:27.000Z</time>
      </trkpt>
      <trkpt lat="49.564547" lon="19.866329">
        <ele>550.4</ele>
        <time>2026-05-10T09:12:32.000Z</time>
      </trkpt>
      <trkpt lat="49.56421" lon="19.866073">
        <ele>551.4</ele>
        <time>2026-05-10T09:12:39.000Z</time>
      </trkpt>
      <trkpt lat="49.561517" lon="19.865651">
        <ele>560.3</ele>
        <time>2026-05-10T09:13:47.000Z</time>
      </trkpt>
      <trkpt lat="49.560959" lon="19.865463">
        <ele>561.9</ele>
        <time>2026-05-10T09:14:01.000Z</time>
      </trkpt>
      <trkpt lat="49.560524" lon="19.865081">
        <ele>563.2</ele>
        <time>2026-05-10T09:14:14.000Z</time>
      </trkpt>
      <trkpt lat="49.559932" lon="19.86392">
        <ele>567.3</ele>
        <time>2026-05-10T09:14:46.000Z</time>
      </trkpt>
      <trkpt lat="49.558496" lon="19.860159">
        <ele>589</ele>
        <time>2026-05-10T09:16:44.000Z</time>
      </trkpt>
      <trkpt lat="49.558473" lon="19.859993">
        <ele>590.1</ele>
        <time>2026-05-10T09:16:50.000Z</time>
      </trkpt>
      <trkpt lat="49.558529" lon="19.859934">
        <ele>590.7</ele>
        <time>2026-05-10T09:16:56.000Z</time>
      </trkpt>
      <trkpt lat="49.55811" lon="19.859138">
        <ele>597.1</ele>
        <time>2026-05-10T09:18:20.000Z</time>
      </trkpt>
      <trkpt lat="49.557276" lon="19.856793">
        <ele>613.9</ele>
        <time>2026-05-10T09:19:45.000Z</time>
      </trkpt>
      <trkpt lat="49.557167" lon="19.854987">
        <ele>625.8</ele>
        <time>2026-05-10T09:20:48.000Z</time>
      </trkpt>
      <trkpt lat="49.557118" lon="19.850685">
        <ele>644.9</ele>
        <time>2026-05-10T09:22:40.000Z</time>
      </trkpt>
      <trkpt lat="49.557169" lon="19.849781">
        <ele>647.4</ele>
        <time>2026-05-10T09:23:03.000Z</time>
      </trkpt>
      <trkpt lat="49.557526" lon="19.848781">
        <ele>650.7</ele>
        <time>2026-05-10T09:23:31.000Z</time>
      </trkpt>
      <trkpt lat="49.558362" lon="19.847497">
        <ele>658</ele>
        <time>2026-05-10T09:24:12.000Z</time>
      </trkpt>
      <trkpt lat="49.558471" lon="19.847017">
        <ele>659.8</ele>
        <time>2026-05-10T09:24:25.000Z</time>
      </trkpt>
      <trkpt lat="49.558418" lon="19.846269">
        <ele>662.3</ele>
        <time>2026-05-10T09:24:40.000Z</time>
      </trkpt>
      <trkpt lat="49.557948" lon="19.845208">
        <ele>666.9</ele>
        <time>2026-05-10T09:25:14.000Z</time>
      </trkpt>
      <trkpt lat="49.557549" lon="19.844652">
        <ele>669.7</ele>
        <time>2026-05-10T09:25:33.000Z</time>
      </trkpt>
      <trkpt lat="49.557078" lon="19.844566">
        <ele>672.3</ele>
        <time>2026-05-10T09:25:52.000Z</time>
      </trkpt>
      <trkpt lat="49.556069" lon="19.844757">
        <ele>679.7</ele>
        <time>2026-05-10T09:26:39.000Z</time>
      </trkpt>
      <trkpt lat="49.555451" lon="19.844995">
        <ele>684.8</ele>
        <time>2026-05-10T09:27:06.000Z</time>
      </trkpt>
      <trkpt lat="49.553874" lon="19.845218">
        <ele>698.3</ele>
        <time>2026-05-10T09:28:22.000Z</time>
      </trkpt>
      <trkpt lat="49.551715" lon="19.84513">
        <ele>711.1</ele>
        <time>2026-05-10T09:29:52.000Z</time>
      </trkpt>
      <trkpt lat="49.550049" lon="19.844477">
        <ele>724.9</ele>
        <time>2026-05-10T09:31:18.000Z</time>
      </trkpt>
      <trkpt lat="49.545603" lon="19.844755">
        <ele>768.9</ele>
        <time>2026-05-10T09:34:57.000Z</time>
      </trkpt>
      <trkpt lat="49.544995" lon="19.84495">
        <ele>774.8</ele>
        <time>2026-05-10T09:35:32.000Z</time>
      </trkpt>
      <trkpt lat="49.543043" lon="19.846114">
        <ele>792.2</ele>
        <time>2026-05-10T09:37:07.000Z</time>
      </trkpt>
      <trkpt lat="49.541927" lon="19.846357">
        <ele>803.6</ele>
        <time>2026-05-10T09:38:05.000Z</time>
      </trkpt>
      <trkpt lat="49.541167" lon="19.846122">
        <ele>811.6</ele>
        <time>2026-05-10T09:38:45.000Z</time>
      </trkpt>
      <trkpt lat="49.5409" lon="19.845897">
        <ele>814.8</ele>
        <time>2026-05-10T09:39:00.000Z</time>
      </trkpt>
      <trkpt lat="49.540788" lon="19.845939">
        <ele>816</ele>
        <time>2026-05-10T09:39:05.000Z</time>
      </trkpt>
      <trkpt lat="49.540625" lon="19.845823">
        <ele>817.9</ele>
        <time>2026-05-10T09:39:16.000Z</time>
      </trkpt>
      <trkpt lat="49.539482" lon="19.845702">
        <ele>828.3</ele>
        <time>2026-05-10T09:40:06.000Z</time>
      </trkpt>
      <trkpt lat="49.53931" lon="19.845578">
        <ele>829.4</ele>
        <time>2026-05-10T09:40:15.000Z</time>
      </trkpt>
      <trkpt lat="49.539129" lon="19.845162">
        <ele>830.5</ele>
        <time>2026-05-10T09:40:30.000Z</time>
      </trkpt>
      <trkpt lat="49.53857" lon="19.845142">
        <ele>830.2</ele>
        <time>2026-05-10T09:40:47.000Z</time>
      </trkpt>
      <trkpt lat="49.537614" lon="19.845371">
        <ele>833.2</ele>
        <time>2026-05-10T09:41:11.000Z</time>
      </trkpt>
      <trkpt lat="49.537198" lon="19.844809">
        <ele>837.2</ele>
        <time>2026-05-10T09:41:28.000Z</time>
      </trkpt>
      <trkpt lat="49.537055" lon="19.844774">
        <ele>838.4</ele>
        <time>2026-05-10T09:41:35.000Z</time>
      </trkpt>
      <trkpt lat="49.536371" lon="19.844976">
        <ele>839.6</ele>
        <time>2026-05-10T09:42:01.000Z</time>
      </trkpt>
      <trkpt lat="49.535793" lon="19.8463">
        <ele>832.7</ele>
        <time>2026-05-10T09:42:19.000Z</time>
      </trkpt>
      <trkpt lat="49.535477" lon="19.846379">
        <ele>833</ele>
        <time>2026-05-10T09:42:24.000Z</time>
      </trkpt>
      <trkpt lat="49.534926" lon="19.84695">
        <ele>832.1</ele>
        <time>2026-05-10T09:42:37.000Z</time>
      </trkpt>
      <trkpt lat="49.534928" lon="19.847048">
        <ele>832</ele>
        <time>2026-05-10T09:42:38.000Z</time>
      </trkpt>
      <trkpt lat="49.533012" lon="19.847955">
        <ele>827.4</ele>
        <time>2026-05-10T09:44:34.000Z</time>
      </trkpt>
      <trkpt lat="49.532143" lon="19.84819">
        <ele>826.9</ele>
        <time>2026-05-10T09:44:47.000Z</time>
      </trkpt>
      <trkpt lat="49.53182" lon="19.848355">
        <ele>828.9</ele>
        <time>2026-05-10T09:44:54.000Z</time>
      </trkpt>
      <trkpt lat="49.531709" lon="19.848518">
        <ele>829.6</ele>
        <time>2026-05-10T09:44:59.000Z</time>
      </trkpt>
      <trkpt lat="49.53123" lon="19.848623">
        <ele>829.1</ele>
        <time>2026-05-10T09:45:11.000Z</time>
      </trkpt>
      <trkpt lat="49.530762" lon="19.848911">
        <ele>827.5</ele>
        <time>2026-05-10T09:45:20.000Z</time>
      </trkpt>
      <trkpt lat="49.530636" lon="19.849038">
        <ele>827.3</ele>
        <time>2026-05-10T09:45:22.000Z</time>
      </trkpt>
      <trkpt lat="49.530328" lon="19.849875">
        <ele>826.9</ele>
        <time>2026-05-10T09:45:32.000Z</time>
      </trkpt>
      <trkpt lat="49.53019" lon="19.850013">
        <ele>827.1</ele>
        <time>2026-05-10T09:45:36.000Z</time>
      </trkpt>
      <trkpt lat="49.527943" lon="19.849079">
        <ele>825.2</ele>
        <time>2026-05-10T09:46:28.000Z</time>
      </trkpt>
      <trkpt lat="49.526407" lon="19.84926">
        <ele>827.5</ele>
        <time>2026-05-10T09:47:02.000Z</time>
      </trkpt>
      <trkpt lat="49.524886" lon="19.849071">
        <ele>835.3</ele>
        <time>2026-05-10T09:47:55.000Z</time>
      </trkpt>
      <trkpt lat="49.522543" lon="19.847576">
        <ele>860.3</ele>
        <time>2026-05-10T09:50:06.000Z</time>
      </trkpt>
      <trkpt lat="49.521731" lon="19.84672">
        <ele>859</ele>
        <time>2026-05-10T09:50:32.000Z</time>
      </trkpt>
      <trkpt lat="49.52089" lon="19.845908">
        <ele>857.1</ele>
        <time>2026-05-10T09:50:49.000Z</time>
      </trkpt>
      <trkpt lat="49.519805" lon="19.843757">
        <ele>863.2</ele>
        <time>2026-05-10T09:51:37.000Z</time>
      </trkpt>
      <trkpt lat="49.519126" lon="19.843154">
        <ele>867.6</ele>
        <time>2026-05-10T09:52:02.000Z</time>
      </trkpt>
      <trkpt lat="49.518684" lon="19.842596">
        <ele>867</ele>
        <time>2026-05-10T09:52:17.000Z</time>
      </trkpt>
      <trkpt lat="49.517324" lon="19.84511">
        <ele>864.4</ele>
        <time>2026-05-10T09:52:51.000Z</time>
      </trkpt>
      <trkpt lat="49.516835" lon="19.844546">
        <ele>863.1</ele>
        <time>2026-05-10T09:53:08.000Z</time>
      </trkpt>
      <trkpt lat="49.516291" lon="19.844626">
        <ele>859.2</ele>
        <time>2026-05-10T09:53:18.000Z</time>
      </trkpt>
      <trkpt lat="49.515946" lon="19.844814">
        <ele>855.4</ele>
        <time>2026-05-10T09:53:23.000Z</time>
      </trkpt>
      <trkpt lat="49.515139" lon="19.845602">
        <ele>851.1</ele>
        <time>2026-05-10T09:53:38.000Z</time>
      </trkpt>
      <trkpt lat="49.514027" lon="19.846264">
        <ele>841.5</ele>
        <time>2026-05-10T09:53:54.000Z</time>
      </trkpt>
      <trkpt lat="49.513619" lon="19.846205">
        <ele>838.4</ele>
        <time>2026-05-10T09:54:00.000Z</time>
      </trkpt>
      <trkpt lat="49.513528" lon="19.84566">
        <ele>836.3</ele>
        <time>2026-05-10T09:54:04.000Z</time>
      </trkpt>
      <trkpt lat="49.513223" lon="19.845396">
        <ele>834.7</ele>
        <time>2026-05-10T09:54:10.000Z</time>
      </trkpt>
      <trkpt lat="49.51293" lon="19.845364">
        <ele>832.4</ele>
        <time>2026-05-10T09:54:15.000Z</time>
      </trkpt>
      <trkpt lat="49.512592" lon="19.845093">
        <ele>828</ele>
        <time>2026-05-10T09:54:22.000Z</time>
      </trkpt>
      <trkpt lat="49.512229" lon="19.845004">
        <ele>821</ele>
        <time>2026-05-10T09:54:38.000Z</time>
      </trkpt>
      <trkpt lat="49.511782" lon="19.846141">
        <ele>808.9</ele>
        <time>2026-05-10T09:55:02.000Z</time>
      </trkpt>
      <trkpt lat="49.511678" lon="19.847879">
        <ele>796.3</ele>
        <time>2026-05-10T09:55:18.000Z</time>
      </trkpt>
      <trkpt lat="49.511581" lon="19.848356">
        <ele>794.2</ele>
        <time>2026-05-10T09:55:22.000Z</time>
      </trkpt>
      <trkpt lat="49.511319" lon="19.848814">
        <ele>791.8</ele>
        <time>2026-05-10T09:55:28.000Z</time>
      </trkpt>
      <trkpt lat="49.510864" lon="19.848827">
        <ele>787.8</ele>
        <time>2026-05-10T09:55:35.000Z</time>
      </trkpt>
      <trkpt lat="49.510553" lon="19.848491">
        <ele>783.9</ele>
        <time>2026-05-10T09:55:42.000Z</time>
      </trkpt>
      <trkpt lat="49.510369" lon="19.848419">
        <ele>782.8</ele>
        <time>2026-05-10T09:55:46.000Z</time>
      </trkpt>
      <trkpt lat="49.509732" lon="19.848615">
        <ele>781.3</ele>
        <time>2026-05-10T09:55:57.000Z</time>
      </trkpt>
      <trkpt lat="49.509096" lon="19.849445">
        <ele>779.9</ele>
        <time>2026-05-10T09:56:11.000Z</time>
      </trkpt>
      <trkpt lat="49.507133" lon="19.851372">
        <ele>755.6</ele>
        <time>2026-05-10T09:56:58.000Z</time>
      </trkpt>
      <trkpt lat="49.506793" lon="19.8521">
        <ele>748</ele>
        <time>2026-05-10T09:57:07.000Z</time>
      </trkpt>
      <trkpt lat="49.506375" lon="19.852425">
        <ele>741.2</ele>
        <time>2026-05-10T09:57:19.000Z</time>
      </trkpt>
      <trkpt lat="49.50622" lon="19.853099">
        <ele>733.4</ele>
        <time>2026-05-10T09:57:35.000Z</time>
      </trkpt>
      <trkpt lat="49.505965" lon="19.853453">
        <ele>726</ele>
        <time>2026-05-10T09:57:51.000Z</time>
      </trkpt>
      <trkpt lat="49.505822" lon="19.853532">
        <ele>722.4</ele>
        <time>2026-05-10T09:57:58.000Z</time>
      </trkpt>
      <trkpt lat="49.505477" lon="19.853333">
        <ele>716.4</ele>
        <time>2026-05-10T09:58:08.000Z</time>
      </trkpt>
      <trkpt lat="49.505177" lon="19.853473">
        <ele>712.4</ele>
        <time>2026-05-10T09:58:13.000Z</time>
      </trkpt>
      <trkpt lat="49.504397" lon="19.854517">
        <ele>705.9</ele>
        <time>2026-05-10T09:58:25.000Z</time>
      </trkpt>
      <trkpt lat="49.503329" lon="19.85544">
        <ele>701.7</ele>
        <time>2026-05-10T09:58:46.000Z</time>
      </trkpt>
      <trkpt lat="49.502745" lon="19.855568">
        <ele>699.4</ele>
        <time>2026-05-10T09:58:57.000Z</time>
      </trkpt>
      <trkpt lat="49.501257" lon="19.85528">
        <ele>696</ele>
        <time>2026-05-10T09:59:22.000Z</time>
      </trkpt>
      <trkpt lat="49.50052" lon="19.855502">
        <ele>691.5</ele>
        <time>2026-05-10T09:59:35.000Z</time>
      </trkpt>
      <trkpt lat="49.498532" lon="19.855803">
        <ele>684.1</ele>
        <time>2026-05-10T10:00:04.000Z</time>
      </trkpt>
      <trkpt lat="49.498242" lon="19.856029">
        <ele>682.6</ele>
        <time>2026-05-10T10:00:10.000Z</time>
      </trkpt>
      <trkpt lat="49.497508" lon="19.8573">
        <ele>683.5</ele>
        <time>2026-05-10T10:00:33.000Z</time>
      </trkpt>
      <trkpt lat="49.497104" lon="19.857745">
        <ele>683.3</ele>
        <time>2026-05-10T10:00:47.000Z</time>
      </trkpt>
      <trkpt lat="49.496205" lon="19.858207">
        <ele>677.9</ele>
        <time>2026-05-10T10:01:07.000Z</time>
      </trkpt>
      <trkpt lat="49.495284" lon="19.858403">
        <ele>669.4</ele>
        <time>2026-05-10T10:01:20.000Z</time>
      </trkpt>
      <trkpt lat="49.494708" lon="19.858845">
        <ele>664.5</ele>
        <time>2026-05-10T10:01:30.000Z</time>
      </trkpt>
      <trkpt lat="49.493858" lon="19.860309">
        <ele>658</ele>
        <time>2026-05-10T10:01:49.000Z</time>
      </trkpt>
      <trkpt lat="49.493347" lon="19.861064">
        <ele>661.2</ele>
        <time>2026-05-10T10:02:08.000Z</time>
      </trkpt>
      <trkpt lat="49.493156" lon="19.86122">
        <ele>662.8</ele>
        <time>2026-05-10T10:02:16.000Z</time>
      </trkpt>
      <trkpt lat="49.49174" lon="19.861813">
        <ele>665.3</ele>
        <time>2026-05-10T10:02:58.000Z</time>
      </trkpt>
      <trkpt lat="49.489958" lon="19.862121">
        <ele>665.7</ele>
        <time>2026-05-10T10:03:37.000Z</time>
      </trkpt>
      <trkpt lat="49.489223" lon="19.86198">
        <ele>665.9</ele>
        <time>2026-05-10T10:03:55.000Z</time>
      </trkpt>
      <trkpt lat="49.488736" lon="19.862137">
        <ele>665.5</ele>
        <time>2026-05-10T10:04:07.000Z</time>
      </trkpt>
      <trkpt lat="49.488615" lon="19.86238">
        <ele>665.2</ele>
        <time>2026-05-10T10:07:48.000Z</time>
      </trkpt>
      <trkpt lat="49.488404" lon="19.862482">
        <ele>663.4</ele>
        <time>2026-05-10T10:07:52.000Z</time>
      </trkpt>
      <trkpt lat="49.486967" lon="19.862539">
        <ele>655.2</ele>
        <time>2026-05-10T10:08:13.000Z</time>
      </trkpt>
      <trkpt lat="49.486079" lon="19.862763">
        <ele>655.3</ele>
        <time>2026-05-10T10:08:29.000Z</time>
      </trkpt>
      <trkpt lat="49.486174" lon="19.864769">
        <ele>659.2</ele>
        <time>2026-05-10T10:09:08.000Z</time>
      </trkpt>
      <trkpt lat="49.48646" lon="19.866682">
        <ele>660.1</ele>
        <time>2026-05-10T10:09:41.000Z</time>
      </trkpt>
      <trkpt lat="49.486595" lon="19.868141">
        <ele>656.2</ele>
        <time>2026-05-10T10:09:58.000Z</time>
      </trkpt>
      <trkpt lat="49.486399" lon="19.86882">
        <ele>651.2</ele>
        <time>2026-05-10T10:10:05.000Z</time>
      </trkpt>
      <trkpt lat="49.486334" lon="19.869352">
        <ele>647</ele>
        <time>2026-05-10T10:10:10.000Z</time>
      </trkpt>
      <trkpt lat="49.486466" lon="19.870463">
        <ele>642.3</ele>
        <time>2026-05-10T10:10:19.000Z</time>
      </trkpt>
      <trkpt lat="49.486169" lon="19.87105">
        <ele>641.6</ele>
        <time>2026-05-10T10:10:26.000Z</time>
      </trkpt>
      <trkpt lat="49.485837" lon="19.87145">
        <ele>642.6</ele>
        <time>2026-05-10T10:10:32.000Z</time>
      </trkpt>
      <trkpt lat="49.485835" lon="19.871629">
        <ele>643.4</ele>
        <time>2026-05-10T10:10:34.000Z</time>
      </trkpt>
      <trkpt lat="49.485909" lon="19.871863">
        <ele>644.6</ele>
        <time>2026-05-10T10:10:38.000Z</time>
      </trkpt>
      <trkpt lat="49.48585" lon="19.872213">
        <ele>645.9</ele>
        <time>2026-05-10T10:10:45.000Z</time>
      </trkpt>
      <trkpt lat="49.485951" lon="19.872599">
        <ele>647.2</ele>
        <time>2026-05-10T10:10:58.000Z</time>
      </trkpt>
      <trkpt lat="49.485892" lon="19.87284">
        <ele>647.6</ele>
        <time>2026-05-10T10:11:03.000Z</time>
      </trkpt>
      <trkpt lat="49.485904" lon="19.873674">
        <ele>648.9</ele>
        <time>2026-05-10T10:11:23.000Z</time>
      </trkpt>
      <trkpt lat="49.486221" lon="19.874411">
        <ele>651.8</ele>
        <time>2026-05-10T10:11:38.000Z</time>
      </trkpt>
      <trkpt lat="49.486047" lon="19.875133">
        <ele>651.7</ele>
        <time>2026-05-10T10:11:51.000Z</time>
      </trkpt>
      <trkpt lat="49.486071" lon="19.876284">
        <ele>650.6</ele>
        <time>2026-05-10T10:12:09.000Z</time>
      </trkpt>
      <trkpt lat="49.486139" lon="19.877533">
        <ele>646.4</ele>
        <time>2026-05-10T10:12:27.000Z</time>
      </trkpt>
      <trkpt lat="49.486365" lon="19.879202">
        <ele>637.5</ele>
        <time>2026-05-10T10:12:42.000Z</time>
      </trkpt>
      <trkpt lat="49.486481" lon="19.880714">
        <ele>634.1</ele>
        <time>2026-05-10T10:13:10.000Z</time>
      </trkpt>
      <trkpt lat="49.486485" lon="19.888403">
        <ele>627.3</ele>
        <time>2026-05-10T10:14:42.000Z</time>
      </trkpt>
      <trkpt lat="49.485826" lon="19.891477">
        <ele>633.2</ele>
        <time>2026-05-10T10:15:37.000Z</time>
      </trkpt>
      <trkpt lat="49.485685" lon="19.892428">
        <ele>635.6</ele>
        <time>2026-05-10T10:15:56.000Z</time>
      </trkpt>
      <trkpt lat="49.485794" lon="19.893319">
        <ele>638.1</ele>
        <time>2026-05-10T10:16:25.000Z</time>
      </trkpt>
      <trkpt lat="49.486029" lon="19.894364">
        <ele>641.6</ele>
        <time>2026-05-10T10:17:10.000Z</time>
      </trkpt>
      <trkpt lat="49.486234" lon="19.896073">
        <ele>643.6</ele>
        <time>2026-05-10T10:17:43.000Z</time>
      </trkpt>
      <trkpt lat="49.486888" lon="19.897864">
        <ele>647.8</ele>
        <time>2026-05-10T10:18:23.000Z</time>
      </trkpt>
      <trkpt lat="49.48735" lon="19.89864">
        <ele>650.4</ele>
        <time>2026-05-10T10:18:48.000Z</time>
      </trkpt>
      <trkpt lat="49.487594" lon="19.899489">
        <ele>651.6</ele>
        <time>2026-05-10T10:19:06.000Z</time>
      </trkpt>
      <trkpt lat="49.488041" lon="19.901793">
        <ele>654.4</ele>
        <time>2026-05-10T10:19:49.000Z</time>
      </trkpt>
      <trkpt lat="49.488574" lon="19.90306">
        <ele>657</ele>
        <time>2026-05-10T10:20:19.000Z</time>
      </trkpt>
      <trkpt lat="49.488676" lon="19.903564">
        <ele>657.7</ele>
        <time>2026-05-10T10:20:29.000Z</time>
      </trkpt>
      <trkpt lat="49.488597" lon="19.903839">
        <ele>657.1</ele>
        <time>2026-05-10T10:20:34.000Z</time>
      </trkpt>
      <trkpt lat="49.488152" lon="19.904105">
        <ele>654</ele>
        <time>2026-05-10T10:20:42.000Z</time>
      </trkpt>
      <trkpt lat="49.488039" lon="19.904446">
        <ele>653</ele>
        <time>2026-05-10T10:20:47.000Z</time>
      </trkpt>
      <trkpt lat="49.487984" lon="19.905609">
        <ele>649.8</ele>
        <time>2026-05-10T10:20:59.000Z</time>
      </trkpt>
      <trkpt lat="49.487771" lon="19.90648">
        <ele>646.2</ele>
        <time>2026-05-10T10:21:06.000Z</time>
      </trkpt>
      <trkpt lat="49.48765" lon="19.907385">
        <ele>643.1</ele>
        <time>2026-05-10T10:21:13.000Z</time>
      </trkpt>
      <trkpt lat="49.487629" lon="19.908186">
        <ele>640.2</ele>
        <time>2026-05-10T10:21:20.000Z</time>
      </trkpt>
      <trkpt lat="49.487761" lon="19.908776">
        <ele>638.4</ele>
        <time>2026-05-10T10:21:26.000Z</time>
      </trkpt>
      <trkpt lat="49.48781" lon="19.909456">
        <ele>636.7</ele>
        <time>2026-05-10T10:21:33.000Z</time>
      </trkpt>
      <trkpt lat="49.487632" lon="19.910242">
        <ele>634.9</ele>
        <time>2026-05-10T10:21:40.000Z</time>
      </trkpt>
      <trkpt lat="49.487558" lon="19.911586">
        <ele>632.1</ele>
        <time>2026-05-10T10:21:53.000Z</time>
      </trkpt>
      <trkpt lat="49.486756" lon="19.915947">
        <ele>625.7</ele>
        <time>2026-05-10T10:22:35.000Z</time>
      </trkpt>
      <trkpt lat="49.485193" lon="19.916255">
        <ele>622.8</ele>
        <time>2026-05-10T10:23:03.000Z</time>
      </trkpt>
      <trkpt lat="49.483824" lon="19.917112">
        <ele>620.6</ele>
        <time>2026-05-10T10:23:29.000Z</time>
      </trkpt>
      <trkpt lat="49.483425" lon="19.917245">
        <ele>620.1</ele>
        <time>2026-05-10T10:23:36.000Z</time>
      </trkpt>
      <trkpt lat="49.481653" lon="19.917075">
        <ele>620.4</ele>
        <time>2026-05-10T10:24:10.000Z</time>
      </trkpt>
      <trkpt lat="49.48123" lon="19.917171">
        <ele>620.6</ele>
        <time>2026-05-10T10:24:20.000Z</time>
      </trkpt>
      <trkpt lat="49.478944" lon="19.919324">
        <ele>618.5</ele>
        <time>2026-05-10T10:25:07.000Z</time>
      </trkpt>
      <trkpt lat="49.478877" lon="19.919303">
        <ele>618.5</ele>
        <time>2026-05-10T10:25:08.000Z</time>
      </trkpt>
      <trkpt lat="49.47803" lon="19.920353">
        <ele>619.1</ele>
        <time>2026-05-10T10:25:29.000Z</time>
      </trkpt>
      <trkpt lat="49.47757" lon="19.920573">
        <ele>619.8</ele>
        <time>2026-05-10T10:25:40.000Z</time>
      </trkpt>
      <trkpt lat="49.476453" lon="19.920657">
        <ele>619</ele>
        <time>2026-05-10T10:25:59.000Z</time>
      </trkpt>
      <trkpt lat="49.47569" lon="19.920512">
        <ele>618.5</ele>
        <time>2026-05-10T10:26:14.000Z</time>
      </trkpt>
      <trkpt lat="49.475649" lon="19.920328">
        <ele>618.5</ele>
        <time>2026-05-10T10:26:17.000Z</time>
      </trkpt>
      <trkpt lat="49.475659" lon="19.919438">
        <ele>618.8</ele>
        <time>2026-05-10T10:26:28.000Z</time>
      </trkpt>
      <trkpt lat="49.475319" lon="19.918247">
        <ele>619.5</ele>
        <time>2026-05-10T10:26:44.000Z</time>
      </trkpt>
      <trkpt lat="49.475104" lon="19.9179">
        <ele>619.8</ele>
        <time>2026-05-10T10:26:50.000Z</time>
      </trkpt>
      <trkpt lat="49.474644" lon="19.917676">
        <ele>620.1</ele>
        <time>2026-05-10T10:26:59.000Z</time>
      </trkpt>
      <trkpt lat="49.474234" lon="19.917323">
        <ele>620.4</ele>
        <time>2026-05-10T10:27:08.000Z</time>
      </trkpt>
      <trkpt lat="49.474085" lon="19.916577">
        <ele>620.8</ele>
        <time>2026-05-10T10:27:18.000Z</time>
      </trkpt>
      <trkpt lat="49.473878" lon="19.91623">
        <ele>621.2</ele>
        <time>2026-05-10T10:27:24.000Z</time>
      </trkpt>
      <trkpt lat="49.473689" lon="19.915376">
        <ele>621.8</ele>
        <time>2026-05-10T10:27:35.000Z</time>
      </trkpt>
      <trkpt lat="49.473133" lon="19.914162">
        <ele>622.2</ele>
        <time>2026-05-10T10:27:55.000Z</time>
      </trkpt>
      <trkpt lat="49.472366" lon="19.913079">
        <ele>623.1</ele>
        <time>2026-05-10T10:28:17.000Z</time>
      </trkpt>
      <trkpt lat="49.47165" lon="19.910761">
        <ele>624.7</ele>
        <time>2026-05-10T10:28:51.000Z</time>
      </trkpt>
      <trkpt lat="49.470085" lon="19.9092">
        <ele>626.2</ele>
        <time>2026-05-10T10:29:31.000Z</time>
      </trkpt>
      <trkpt lat="49.469398" lon="19.907421">
        <ele>628</ele>
        <time>2026-05-10T10:30:01.000Z</time>
      </trkpt>
      <trkpt lat="49.466784" lon="19.903201">
        <ele>631.1</ele>
        <time>2026-05-10T10:31:26.000Z</time>
      </trkpt>
      <trkpt lat="49.464928" lon="19.90149">
        <ele>633.1</ele>
        <time>2026-05-10T10:32:13.000Z</time>
      </trkpt>
      <trkpt lat="49.463848" lon="19.900622">
        <ele>634.4</ele>
        <time>2026-05-10T10:32:44.370Z</time>
      </trkpt>
      <trkpt lat="49.463848" lon="19.900622">
        <ele>634.233296673681</ele>
        <time>2026-05-10T10:32:44.370Z</time>
      </trkpt>
      <trkpt lat="49.463814" lon="19.900601">
        <ele>634.3125484051102</ele>
        <time>2026-05-10T10:32:45.313Z</time>
      </trkpt>
      <trkpt lat="49.463814" lon="19.900601">
        <ele>635.3</ele>
        <time>2026-05-10T10:32:45.313Z</time>
      </trkpt>
      <trkpt lat="49.462141" lon="19.899119">
        <ele>636.4</ele>
        <time>2026-05-10T11:51:17.986Z</time>
      </trkpt>
      <trkpt lat="49.460544" lon="19.897496">
        <ele>638.1</ele>
        <time>2026-05-10T11:51:59.986Z</time>
      </trkpt>
      <trkpt lat="49.459705" lon="19.896432">
        <ele>639.2</ele>
        <time>2026-05-10T11:52:23.986Z</time>
      </trkpt>
      <trkpt lat="49.458818" lon="19.89475">
        <ele>640.2</ele>
        <time>2026-05-10T11:52:55.986Z</time>
      </trkpt>
      <trkpt lat="49.457601" lon="19.892781">
        <ele>642.1</ele>
        <time>2026-05-10T11:53:36.986Z</time>
      </trkpt>
      <trkpt lat="49.457033" lon="19.892529">
        <ele>642.8</ele>
        <time>2026-05-10T11:53:49.986Z</time>
      </trkpt>
      <trkpt lat="49.45584" lon="19.892461">
        <ele>643.5</ele>
        <time>2026-05-10T11:54:13.986Z</time>
      </trkpt>
      <trkpt lat="49.455586" lon="19.892304">
        <ele>643.8</ele>
        <time>2026-05-10T11:54:19.986Z</time>
      </trkpt>
      <trkpt lat="49.454906" lon="19.891578">
        <ele>645</ele>
        <time>2026-05-10T11:54:36.986Z</time>
      </trkpt>
      <trkpt lat="49.453744" lon="19.889684">
        <ele>646.8</ele>
        <time>2026-05-10T11:55:13.986Z</time>
      </trkpt>
      <trkpt lat="49.452323" lon="19.887067">
        <ele>648.4</ele>
        <time>2026-05-10T11:56:00.986Z</time>
      </trkpt>
      <trkpt lat="49.452208" lon="19.886695">
        <ele>648.6</ele>
        <time>2026-05-10T11:56:09.986Z</time>
      </trkpt>
      <trkpt lat="49.451843" lon="19.885893">
        <ele>649.6</ele>
        <time>2026-05-10T12:05:44.986Z</time>
      </trkpt>
      <trkpt lat="49.451132" lon="19.886328">
        <ele>648.4</ele>
        <time>2026-05-10T12:06:01.986Z</time>
      </trkpt>
      <trkpt lat="49.450423" lon="19.886913">
        <ele>649.4</ele>
        <time>2026-05-10T12:06:54.986Z</time>
      </trkpt>
      <trkpt lat="49.449549" lon="19.887585">
        <ele>651</ele>
        <time>2026-05-10T12:08:03.986Z</time>
      </trkpt>
      <trkpt lat="49.448246" lon="19.887532">
        <ele>651.8</ele>
        <time>2026-05-10T12:09:54.986Z</time>
      </trkpt>
      <trkpt lat="49.446938" lon="19.887619">
        <ele>652.8</ele>
        <time>2026-05-10T12:10:16.986Z</time>
      </trkpt>
      <trkpt lat="49.44543" lon="19.88717">
        <ele>653.8</ele>
        <time>2026-05-10T12:10:43.986Z</time>
      </trkpt>
      <trkpt lat="49.444332" lon="19.886988">
        <ele>654.1</ele>
        <time>2026-05-10T12:11:03.986Z</time>
      </trkpt>
      <trkpt lat="49.444015" lon="19.886824">
        <ele>654.3</ele>
        <time>2026-05-10T12:11:09.986Z</time>
      </trkpt>
      <trkpt lat="49.443041" lon="19.885941">
        <ele>655.1</ele>
        <time>2026-05-10T12:11:30.986Z</time>
      </trkpt>
      <trkpt lat="49.442897" lon="19.885991">
        <ele>655.2</ele>
        <time>2026-05-10T12:11:34.986Z</time>
      </trkpt>
      <trkpt lat="49.442897" lon="19.886142">
        <ele>655.1</ele>
        <time>2026-05-10T12:12:23.986Z</time>
      </trkpt>
      <trkpt lat="49.442753" lon="19.886089">
        <ele>654.9</ele>
        <time>2026-05-10T12:12:49.986Z</time>
      </trkpt>
      <trkpt lat="49.442143" lon="19.885537">
        <ele>654.7</ele>
        <time>2026-05-10T12:13:06.986Z</time>
      </trkpt>
      <trkpt lat="49.440674" lon="19.883891">
        <ele>657.4</ele>
        <time>2026-05-10T12:13:44.986Z</time>
      </trkpt>
      <trkpt lat="49.440549" lon="19.883989">
        <ele>657.9</ele>
        <time>2026-05-10T12:13:48.986Z</time>
      </trkpt>
      <trkpt lat="49.44044" lon="19.884264">
        <ele>659</ele>
        <time>2026-05-10T12:13:55.986Z</time>
      </trkpt>
      <trkpt lat="49.440067" lon="19.884627">
        <ele>660</ele>
        <time>2026-05-10T12:14:13.986Z</time>
      </trkpt>
      <trkpt lat="49.440136" lon="19.881967">
        <ele>659.8</ele>
        <time>2026-05-10T12:14:49.986Z</time>
      </trkpt>
      <trkpt lat="49.440179" lon="19.877336">
        <ele>662.6</ele>
        <time>2026-05-10T12:15:49.986Z</time>
      </trkpt>
      <trkpt lat="49.440107" lon="19.876586">
        <ele>662.9</ele>
        <time>2026-05-10T12:15:58.986Z</time>
      </trkpt>
      <trkpt lat="49.44012" lon="19.875641">
        <ele>663.3</ele>
        <time>2026-05-10T12:16:11.986Z</time>
      </trkpt>
      <trkpt lat="49.440177" lon="19.873302">
        <ele>663.5</ele>
        <time>2026-05-10T12:16:41.986Z</time>
      </trkpt>
      <trkpt lat="49.440347" lon="19.871062">
        <ele>664.5</ele>
        <time>2026-05-10T12:17:08.986Z</time>
      </trkpt>
      <trkpt lat="49.440271" lon="19.869563">
        <ele>666.6</ele>
        <time>2026-05-10T12:17:31.986Z</time>
      </trkpt>
      <trkpt lat="49.439889" lon="19.868336">
        <ele>667.4</ele>
        <time>2026-05-10T12:17:49.986Z</time>
      </trkpt>
      <trkpt lat="49.439257" lon="19.867349">
        <ele>668.6</ele>
        <time>2026-05-10T12:18:07.986Z</time>
      </trkpt>
      <trkpt lat="49.430094" lon="19.85851">
        <ele>680.9</ele>
        <time>2026-05-10T12:21:58.986Z</time>
      </trkpt>
      <trkpt lat="49.429168" lon="19.858844">
        <ele>681</ele>
        <time>2026-05-10T12:22:19.986Z</time>
      </trkpt>
      <trkpt lat="49.428536" lon="19.859199">
        <ele>681.3</ele>
        <time>2026-05-10T12:22:32.986Z</time>
      </trkpt>
      <trkpt lat="49.425375" lon="19.861491">
        <ele>683</ele>
        <time>2026-05-10T12:23:41.986Z</time>
      </trkpt>
      <trkpt lat="49.424011" lon="19.862298">
        <ele>684.4</ele>
        <time>2026-05-10T12:24:10.986Z</time>
      </trkpt>
      <trkpt lat="49.423025" lon="19.862542">
        <ele>685.4</ele>
        <time>2026-05-10T12:24:31.986Z</time>
      </trkpt>
      <trkpt lat="49.421159" lon="19.86278">
        <ele>690.4</ele>
        <time>2026-05-10T12:25:20.986Z</time>
      </trkpt>
      <trkpt lat="49.41356" lon="19.863045">
        <ele>716.2</ele>
        <time>2026-05-10T12:29:41.986Z</time>
      </trkpt>
      <trkpt lat="49.407414" lon="19.863177">
        <ele>734.6</ele>
        <time>2026-05-10T12:32:53.986Z</time>
      </trkpt>
      <trkpt lat="49.406463" lon="19.863488">
        <ele>733.3</ele>
        <time>2026-05-10T12:33:13.986Z</time>
      </trkpt>
      <trkpt lat="49.405711" lon="19.863044">
        <ele>727.6</ele>
        <time>2026-05-10T12:33:24.986Z</time>
      </trkpt>
      <trkpt lat="49.405081" lon="19.862238">
        <ele>722.2</ele>
        <time>2026-05-10T12:33:34.986Z</time>
      </trkpt>
      <trkpt lat="49.404783" lon="19.861497">
        <ele>720.3</ele>
        <time>2026-05-10T12:33:42.986Z</time>
      </trkpt>
      <trkpt lat="49.404569" lon="19.8614">
        <ele>719.1</ele>
        <time>2026-05-10T12:33:46.986Z</time>
      </trkpt>
      <trkpt lat="49.404475" lon="19.861498">
        <ele>718.5</ele>
        <time>2026-05-10T12:33:48.986Z</time>
      </trkpt>
      <trkpt lat="49.404463" lon="19.861762">
        <ele>717.5</ele>
        <time>2026-05-10T12:33:51.986Z</time>
      </trkpt>
      <trkpt lat="49.404732" lon="19.862346">
        <ele>715.1</ele>
        <time>2026-05-10T12:33:58.986Z</time>
      </trkpt>
      <trkpt lat="49.40478" lon="19.862844">
        <ele>713.2</ele>
        <time>2026-05-10T12:34:03.986Z</time>
      </trkpt>
      <trkpt lat="49.404618" lon="19.863649">
        <ele>709.4</ele>
        <time>2026-05-10T12:34:09.986Z</time>
      </trkpt>
      <trkpt lat="49.404666" lon="19.864659">
        <ele>704.9</ele>
        <time>2026-05-10T12:34:16.986Z</time>
      </trkpt>
      <trkpt lat="49.404536" lon="19.865826">
        <ele>700</ele>
        <time>2026-05-10T12:34:24.986Z</time>
      </trkpt>
      <trkpt lat="49.404153" lon="19.867904">
        <ele>691.4</ele>
        <time>2026-05-10T12:34:40.986Z</time>
      </trkpt>
      <trkpt lat="49.404078" lon="19.869499">
        <ele>685.1</ele>
        <time>2026-05-10T12:34:53.986Z</time>
      </trkpt>
      <trkpt lat="49.404416" lon="19.871557">
        <ele>675.9</ele>
        <time>2026-05-10T12:35:08.986Z</time>
      </trkpt>
      <trkpt lat="49.404832" lon="19.872886">
        <ele>670</ele>
        <time>2026-05-10T12:35:21.986Z</time>
      </trkpt>
      <trkpt lat="49.404677" lon="19.873113">
        <ele>668.4</ele>
        <time>2026-05-10T12:35:25.986Z</time>
      </trkpt>
      <trkpt lat="49.403836" lon="19.873021">
        <ele>661.8</ele>
        <time>2026-05-10T12:35:37.986Z</time>
      </trkpt>
      <trkpt lat="49.403255" lon="19.873406">
        <ele>659</ele>
        <time>2026-05-10T12:35:45.986Z</time>
      </trkpt>
      <trkpt lat="49.402762" lon="19.874633">
        <ele>659.8</ele>
        <time>2026-05-10T12:36:00.986Z</time>
      </trkpt>
      <trkpt lat="49.402654" lon="19.874775">
        <ele>659.8</ele>
        <time>2026-05-10T12:36:02.986Z</time>
      </trkpt>
      <trkpt lat="49.402334" lon="19.876032">
        <ele>659.1</ele>
        <time>2026-05-10T12:36:19.986Z</time>
      </trkpt>
      <trkpt lat="49.40221" lon="19.876336">
        <ele>659.1</ele>
        <time>2026-05-10T12:36:23.986Z</time>
      </trkpt>
      <trkpt lat="49.401867" lon="19.876546">
        <ele>660.2</ele>
        <time>2026-05-10T12:36:29.986Z</time>
      </trkpt>
      <trkpt lat="49.401533" lon="19.876483">
        <ele>662.3</ele>
        <time>2026-05-10T12:36:36.986Z</time>
      </trkpt>
      <trkpt lat="49.40129" lon="19.876561">
        <ele>664.1</ele>
        <time>2026-05-10T12:36:46.986Z</time>
      </trkpt>
      <trkpt lat="49.40037" lon="19.877413">
        <ele>670.2</ele>
        <time>2026-05-10T12:37:27.986Z</time>
      </trkpt>
      <trkpt lat="49.399835" lon="19.877765">
        <ele>672.2</ele>
        <time>2026-05-10T12:37:44.986Z</time>
      </trkpt>
      <trkpt lat="49.398365" lon="19.877643">
        <ele>674.9</ele>
        <time>2026-05-10T12:38:28.986Z</time>
      </trkpt>
      <trkpt lat="49.396549" lon="19.877874">
        <ele>678</ele>
        <time>2026-05-10T12:39:16.986Z</time>
      </trkpt>
      <trkpt lat="49.395049" lon="19.877698">
        <ele>680.6</ele>
        <time>2026-05-10T12:39:54.986Z</time>
      </trkpt>
      <trkpt lat="49.391881" lon="19.878282">
        <ele>687.2</ele>
        <time>2026-05-10T12:41:11.986Z</time>
      </trkpt>
      <trkpt lat="49.391858" lon="19.878416">
        <ele>687.4</ele>
        <time>2026-05-10T12:41:14.986Z</time>
      </trkpt>
      <trkpt lat="49.392002" lon="19.878605">
        <ele>687.4</ele>
        <time>2026-05-10T12:41:17.986Z</time>
      </trkpt>
      <trkpt lat="49.392279" lon="19.879486">
        <ele>686</ele>
        <time>2026-05-10T12:41:29.986Z</time>
      </trkpt>
      <trkpt lat="49.392378" lon="19.880212">
        <ele>683.1</ele>
        <time>2026-05-10T12:41:36.986Z</time>
      </trkpt>
      <trkpt lat="49.392249" lon="19.880767">
        <ele>680.3</ele>
        <time>2026-05-10T12:41:41.986Z</time>
      </trkpt>
      <trkpt lat="49.392127" lon="19.881563">
        <ele>678.8</ele>
        <time>2026-05-10T12:41:47.986Z</time>
      </trkpt>
      <trkpt lat="49.391947" lon="19.882006">
        <ele>680.4</ele>
        <time>2026-05-10T12:41:52.986Z</time>
      </trkpt>
      <trkpt lat="49.389845" lon="19.883221">
        <ele>683.9</ele>
        <time>2026-05-10T12:42:37.986Z</time>
      </trkpt>
      <trkpt lat="49.387531" lon="19.885026">
        <ele>689.1</ele>
        <time>2026-05-10T12:43:38.986Z</time>
      </trkpt>
      <trkpt lat="49.386034" lon="19.885722">
        <ele>691.7</ele>
        <time>2026-05-10T12:44:18.986Z</time>
      </trkpt>
      <trkpt lat="49.381282" lon="19.886349">
        <ele>701.5</ele>
        <time>2026-05-10T12:46:18.986Z</time>
      </trkpt>
      <trkpt lat="49.380943" lon="19.886941">
        <ele>701.8</ele>
        <time>2026-05-10T12:46:30.986Z</time>
      </trkpt>
      <trkpt lat="49.380987" lon="19.887171">
        <ele>701.7</ele>
        <time>2026-05-10T12:46:34.986Z</time>
      </trkpt>
      <trkpt lat="49.380701" lon="19.888373">
        <ele>701.5</ele>
        <time>2026-05-10T12:46:50.986Z</time>
      </trkpt>
      <trkpt lat="49.380547" lon="19.889571">
        <ele>701.9</ele>
        <time>2026-05-10T12:47:06.986Z</time>
      </trkpt>
      <trkpt lat="49.380228" lon="19.890091">
        <ele>702.7</ele>
        <time>2026-05-10T12:47:15.986Z</time>
      </trkpt>
      <trkpt lat="49.378012" lon="19.891473">
        <ele>710.4</ele>
        <time>2026-05-10T12:48:29.986Z</time>
      </trkpt>
      <trkpt lat="49.373483" lon="19.893753">
        <ele>732.7</ele>
        <time>2026-05-10T12:51:19.986Z</time>
      </trkpt>
      <trkpt lat="49.373137" lon="19.894059">
        <ele>735</ele>
        <time>2026-05-10T12:51:31.986Z</time>
      </trkpt>
      <trkpt lat="49.371947" lon="19.895533">
        <ele>735.6</ele>
        <time>2026-05-10T12:52:16.986Z</time>
      </trkpt>
      <trkpt lat="49.369685" lon="19.896906">
        <ele>732.3</ele>
        <time>2026-05-10T12:52:56.986Z</time>
      </trkpt>
      <trkpt lat="49.368242" lon="19.89718">
        <ele>735.1</ele>
        <time>2026-05-10T12:53:26.986Z</time>
      </trkpt>
      <trkpt lat="49.368129" lon="19.89589">
        <ele>728.5</ele>
        <time>2026-05-10T12:53:38.986Z</time>
      </trkpt>
      <trkpt lat="49.368157" lon="19.89497">
        <ele>727.4</ele>
        <time>2026-05-10T12:53:48.986Z</time>
      </trkpt>
      <trkpt lat="49.368054" lon="19.894407">
        <ele>730.5</ele>
        <time>2026-05-10T12:54:06.986Z</time>
      </trkpt>
      <trkpt lat="49.36782" lon="19.894064">
        <ele>734.5</ele>
        <time>2026-05-10T12:54:21.986Z</time>
      </trkpt>
      <trkpt lat="49.367291" lon="19.892552">
        <ele>746.5</ele>
        <time>2026-05-10T12:55:32.986Z</time>
      </trkpt>
      <trkpt lat="49.366701" lon="19.891587">
        <ele>757.3</ele>
        <time>2026-05-10T12:56:24.986Z</time>
      </trkpt>
      <trkpt lat="49.365464" lon="19.888762">
        <ele>782.5</ele>
        <time>2026-05-10T12:58:37.986Z</time>
      </trkpt>
      <trkpt lat="49.364597" lon="19.887501">
        <ele>795.6</ele>
        <time>2026-05-10T12:59:52.986Z</time>
      </trkpt>
      <trkpt lat="49.364428" lon="19.887003">
        <ele>799.2</ele>
        <time>2026-05-10T13:00:13.986Z</time>
      </trkpt>
      <trkpt lat="49.364136" lon="19.886493">
        <ele>803</ele>
        <time>2026-05-10T13:00:39.986Z</time>
      </trkpt>
      <trkpt lat="49.363273" lon="19.885459">
        <ele>806.9</ele>
        <time>2026-05-10T13:01:20.986Z</time>
      </trkpt>
      <trkpt lat="49.362452" lon="19.884795">
        <ele>812.2</ele>
        <time>2026-05-10T13:01:58.986Z</time>
      </trkpt>
      <trkpt lat="49.361801" lon="19.884094">
        <ele>817.2</ele>
        <time>2026-05-10T13:02:34.986Z</time>
      </trkpt>
      <trkpt lat="49.361576" lon="19.883401">
        <ele>821.9</ele>
        <time>2026-05-10T13:03:03.986Z</time>
      </trkpt>
      <trkpt lat="49.361652" lon="19.882526">
        <ele>830</ele>
        <time>2026-05-10T13:03:38.986Z</time>
      </trkpt>
      <trkpt lat="49.361878" lon="19.881244">
        <ele>841.5</ele>
        <time>2026-05-10T13:04:30.986Z</time>
      </trkpt>
      <trkpt lat="49.361858" lon="19.880937">
        <ele>843.4</ele>
        <time>2026-05-10T13:04:45.986Z</time>
      </trkpt>
      <trkpt lat="49.360928" lon="19.879926">
        <ele>845.8</ele>
        <time>2026-05-10T13:05:31.986Z</time>
      </trkpt>
      <trkpt lat="49.36014" lon="19.879334">
        <ele>849.9</ele>
        <time>2026-05-10T13:06:06.986Z</time>
      </trkpt>
      <trkpt lat="49.358229" lon="19.878594">
        <ele>874.2</ele>
        <time>2026-05-10T13:08:04.986Z</time>
      </trkpt>
      <trkpt lat="49.357713" lon="19.878167">
        <ele>880.4</ele>
        <time>2026-05-10T13:08:40.986Z</time>
      </trkpt>
      <trkpt lat="49.357455" lon="19.878101">
        <ele>881.3</ele>
        <time>2026-05-10T13:08:54.986Z</time>
      </trkpt>
      <trkpt lat="49.35666" lon="19.8784">
        <ele>884.9</ele>
        <time>2026-05-10T13:09:26.986Z</time>
      </trkpt>
      <trkpt lat="49.355591" lon="19.879113">
        <ele>888</ele>
        <time>2026-05-10T13:10:13.986Z</time>
      </trkpt>
      <trkpt lat="49.354723" lon="19.87991">
        <ele>887.8</ele>
        <time>2026-05-10T13:10:43.986Z</time>
      </trkpt>
      <trkpt lat="49.354242" lon="19.88022">
        <ele>887.3</ele>
        <time>2026-05-10T13:10:55.986Z</time>
      </trkpt>
      <trkpt lat="49.353479" lon="19.881146">
        <ele>888.3</ele>
        <time>2026-05-10T13:11:21.986Z</time>
      </trkpt>
      <trkpt lat="49.353747" lon="19.882574">
        <ele>883.5</ele>
        <time>2026-05-10T13:11:46.986Z</time>
      </trkpt>
      <trkpt lat="49.354003" lon="19.884973">
        <ele>886.9</ele>
        <time>2026-05-10T13:12:27.986Z</time>
      </trkpt>
      <trkpt lat="49.35442" lon="19.88752">
        <ele>889.6</ele>
        <time>2026-05-10T13:14:04.986Z</time>
      </trkpt>
      <trkpt lat="49.354397" lon="19.888094">
        <ele>889.7</ele>
        <time>2026-05-10T13:14:13.986Z</time>
      </trkpt>
      <trkpt lat="49.354161" lon="19.888623">
        <ele>888.3</ele>
        <time>2026-05-10T13:14:22.986Z</time>
      </trkpt>
      <trkpt lat="49.353495" lon="19.889457">
        <ele>885.3</ele>
        <time>2026-05-10T13:14:38.986Z</time>
      </trkpt>
      <trkpt lat="49.352592" lon="19.890189">
        <ele>882.8</ele>
        <time>2026-05-10T13:14:55.986Z</time>
      </trkpt>
      <trkpt lat="49.352107" lon="19.890801">
        <ele>884.6</ele>
        <time>2026-05-10T13:15:08.986Z</time>
      </trkpt>
      <trkpt lat="49.351725" lon="19.891557">
        <ele>890.2</ele>
        <time>2026-05-10T13:15:32.986Z</time>
      </trkpt>
      <trkpt lat="49.351549" lon="19.891834">
        <ele>892.2</ele>
        <time>2026-05-10T13:15:44.986Z</time>
      </trkpt>
      <trkpt lat="49.350929" lon="19.892349">
        <ele>897.4</ele>
        <time>2026-05-10T13:16:17.986Z</time>
      </trkpt>
      <trkpt lat="49.350584" lon="19.892802">
        <ele>900</ele>
        <time>2026-05-10T13:16:40.986Z</time>
      </trkpt>
      <trkpt lat="49.349482" lon="19.893475">
        <ele>900.2</ele>
        <time>2026-05-10T13:17:14.986Z</time>
      </trkpt>
      <trkpt lat="49.348512" lon="19.894687">
        <ele>901.7</ele>
        <time>2026-05-10T13:17:44.986Z</time>
      </trkpt>
      <trkpt lat="49.347905" lon="19.894937">
        <ele>903.1</ele>
        <time>2026-05-10T13:18:00.986Z</time>
      </trkpt>
      <trkpt lat="49.345976" lon="19.896317">
        <ele>905.2</ele>
        <time>2026-05-10T13:18:53.986Z</time>
      </trkpt>
      <trkpt lat="49.345307" lon="19.896919">
        <ele>905.5</ele>
        <time>2026-05-10T13:19:11.986Z</time>
      </trkpt>
      <trkpt lat="49.344627" lon="19.897887">
        <ele>907</ele>
        <time>2026-05-10T13:19:36.986Z</time>
      </trkpt>
      <trkpt lat="49.344029" lon="19.898328">
        <ele>911.3</ele>
        <time>2026-05-10T13:20:05.986Z</time>
      </trkpt>
      <trkpt lat="49.342978" lon="19.89867">
        <ele>918.9</ele>
        <time>2026-05-10T13:20:50.986Z</time>
      </trkpt>
      <trkpt lat="49.341623" lon="19.899354">
        <ele>932.6</ele>
        <time>2026-05-10T13:22:12.986Z</time>
      </trkpt>
      <trkpt lat="49.341074" lon="19.899415">
        <ele>939.2</ele>
        <time>2026-05-10T13:22:46.986Z</time>
      </trkpt>
      <trkpt lat="49.338673" lon="19.900086">
        <ele>959.8</ele>
        <time>2026-05-10T13:24:56.986Z</time>
      </trkpt>
      <trkpt lat="49.335865" lon="19.900007">
        <ele>963.9</ele>
        <time>2026-05-10T13:26:17.986Z</time>
      </trkpt>
      <trkpt lat="49.334071" lon="19.899618">
        <ele>969.7</ele>
        <time>2026-05-10T13:27:13.986Z</time>
      </trkpt>
      <trkpt lat="49.332729" lon="19.899704">
        <ele>979</ele>
        <time>2026-05-10T13:28:13.986Z</time>
      </trkpt>
      <trkpt lat="49.331916" lon="19.899575">
        <ele>986.4</ele>
        <time>2026-05-10T13:28:58.986Z</time>
      </trkpt>
      <trkpt lat="49.331239" lon="19.899404">
        <ele>991.9</ele>
        <time>2026-05-10T13:29:31.986Z</time>
      </trkpt>
      <trkpt lat="49.331027" lon="19.899501">
        <ele>993</ele>
        <time>2026-05-10T13:29:42.986Z</time>
      </trkpt>
      <trkpt lat="49.330555" lon="19.899468">
        <ele>994.6</ele>
        <time>2026-05-10T13:30:04.986Z</time>
      </trkpt>
      <trkpt lat="49.330109" lon="19.899291">
        <ele>997.9</ele>
        <time>2026-05-10T13:30:27.986Z</time>
      </trkpt>
      <trkpt lat="49.328627" lon="19.899391">
        <ele>1009.2</ele>
        <time>2026-05-10T13:31:35.986Z</time>
      </trkpt>
      <trkpt lat="49.327631" lon="19.89932">
        <ele>1017.1</ele>
        <time>2026-05-10T13:32:22.986Z</time>
      </trkpt>
      <trkpt lat="49.327315" lon="19.899444">
        <ele>1018.6</ele>
        <time>2026-05-10T13:32:37.986Z</time>
      </trkpt>
      <trkpt lat="49.326549" lon="19.899616">
        <ele>1021.7</ele>
        <time>2026-05-10T13:33:08.986Z</time>
      </trkpt>
      <trkpt lat="49.325345" lon="19.900559">
        <ele>1022.3</ele>
        <time>2026-05-10T13:33:50.986Z</time>
      </trkpt>
      <trkpt lat="49.324762" lon="19.901198">
        <ele>1023.5</ele>
        <time>2026-05-10T13:34:12.986Z</time>
      </trkpt>
      <trkpt lat="49.323475" lon="19.902143">
        <ele>1028.8</ele>
        <time>2026-05-10T13:35:02.986Z</time>
      </trkpt>
      <trkpt lat="49.32241" lon="19.902302">
        <ele>1026.8</ele>
        <time>2026-05-10T13:35:23.986Z</time>
      </trkpt>
      <trkpt lat="49.320873" lon="19.902738">
        <ele>1028.6</ele>
        <time>2026-05-10T13:36:01.986Z</time>
      </trkpt>
      <trkpt lat="49.319741" lon="19.902849">
        <ele>1033.9</ele>
        <time>2026-05-10T13:36:39.986Z</time>
      </trkpt>
      <trkpt lat="49.31843" lon="19.903195">
        <ele>1040.1</ele>
        <time>2026-05-10T13:37:25.986Z</time>
      </trkpt>
      <trkpt lat="49.317956" lon="19.90354">
        <ele>1044.3</ele>
        <time>2026-05-10T13:37:54.986Z</time>
      </trkpt>
      <trkpt lat="49.317398" lon="19.903656">
        <ele>1048.9</ele>
        <time>2026-05-10T13:38:25.986Z</time>
      </trkpt>
      <trkpt lat="49.316845" lon="19.9036">
        <ele>1053.4</ele>
        <time>2026-05-10T13:38:54.986Z</time>
      </trkpt>
      <trkpt lat="49.315999" lon="19.903829">
        <ele>1060.2</ele>
        <time>2026-05-10T13:39:40.986Z</time>
      </trkpt>
      <trkpt lat="49.314772" lon="19.903872">
        <ele>1067.2</ele>
        <time>2026-05-10T13:40:40.986Z</time>
      </trkpt>
      <trkpt lat="49.313907" lon="19.903588">
        <ele>1070.8</ele>
        <time>2026-05-10T13:41:25.986Z</time>
      </trkpt>
      <trkpt lat="49.312904" lon="19.903434">
        <ele>1078.6</ele>
        <time>2026-05-10T13:42:12.986Z</time>
      </trkpt>
      <trkpt lat="49.312369" lon="19.903577">
        <ele>1082</ele>
        <time>2026-05-10T13:42:34.986Z</time>
      </trkpt>
      <trkpt lat="49.31029" lon="19.905109">
        <ele>1074.9</ele>
        <time>2026-05-10T13:43:18.986Z</time>
      </trkpt>
      <trkpt lat="49.310016" lon="19.905537">
        <ele>1073.8</ele>
        <time>2026-05-10T13:43:25.986Z</time>
      </trkpt>
      <trkpt lat="49.309014" lon="19.906376">
        <ele>1072.1</ele>
        <time>2026-05-10T13:43:46.986Z</time>
      </trkpt>
      <trkpt lat="49.308494" lon="19.907127">
        <ele>1074.8</ele>
        <time>2026-05-10T13:44:07.986Z</time>
      </trkpt>
      <trkpt lat="49.308298" lon="19.907195">
        <ele>1076.7</ele>
        <time>2026-05-10T13:44:16.986Z</time>
      </trkpt>
      <trkpt lat="49.307876" lon="19.907606">
        <ele>1082.7</ele>
        <time>2026-05-10T13:44:45.986Z</time>
      </trkpt>
      <trkpt lat="49.307225" lon="19.90857">
        <ele>1088.8</ele>
        <time>2026-05-10T13:45:29.986Z</time>
      </trkpt>
      <trkpt lat="49.306245" lon="19.90902">
        <ele>1102.3</ele>
        <time>2026-05-10T13:46:23.986Z</time>
      </trkpt>
      <trkpt lat="49.305686" lon="19.909651">
        <ele>1106.4</ele>
        <time>2026-05-10T13:46:44.986Z</time>
      </trkpt>
      <trkpt lat="49.305262" lon="19.910414">
        <ele>1109.7</ele>
        <time>2026-05-10T13:47:02.986Z</time>
      </trkpt>
      <trkpt lat="49.304589" lon="19.910905">
        <ele>1116.5</ele>
        <time>2026-05-10T13:47:30.986Z</time>
      </trkpt>
      <trkpt lat="49.304389" lon="19.911146">
        <ele>1118.5</ele>
        <time>2026-05-10T13:47:37.986Z</time>
      </trkpt>
      <trkpt lat="49.30431" lon="19.911399">
        <ele>1120.5</ele>
        <time>2026-05-10T13:47:44.986Z</time>
      </trkpt>
      <trkpt lat="49.303904" lon="19.911474">
        <ele>1125.1</ele>
        <time>2026-05-10T13:48:03.986Z</time>
      </trkpt>
      <trkpt lat="49.30376" lon="19.911635">
        <ele>1126.9</ele>
        <time>2026-05-10T13:48:10.986Z</time>
      </trkpt>
      <trkpt lat="49.303726" lon="19.912954">
        <ele>1123.5</ele>
        <time>2026-05-10T13:48:32.986Z</time>
      </trkpt>
      <trkpt lat="49.303829" lon="19.914458">
        <ele>1121.1</ele>
        <time>2026-05-10T13:48:53.986Z</time>
      </trkpt>
      <trkpt lat="49.303649" lon="19.917711">
        <ele>1124.3</ele>
        <time>2026-05-10T13:49:53.289Z</time>
      </trkpt>
      <trkpt lat="49.303649" lon="19.917711">
        <ele>1125.573027445233</ele>
        <time>2026-05-10T13:49:53.289Z</time>
      </trkpt>
      <trkpt lat="49.30366720054853" lon="19.918400045021272">
        <ele>1128.5779039916126</ele>
        <time>2026-05-10T13:50:05.815Z</time>
      </trkpt>
      <trkpt lat="49.30368540109706" lon="19.919089090042544">
        <ele>1130.9410987620467</ele>
        <time>2026-05-10T13:50:18.341Z</time>
      </trkpt>
      <trkpt lat="49.303693336902796" lon="19.919389527549782">
        <ele>1131.37291936832</ele>
        <time>2026-05-10T13:50:23.802Z</time>
      </trkpt>
      <trkpt lat="49.3037917425832" lon="19.920062424069688">
        <ele>1131.9263957422236</ele>
        <time>2026-05-10T13:50:36.328Z</time>
      </trkpt>
      <trkpt lat="49.30389014826361" lon="19.920735320589593">
        <ele>1129.0426608220057</ele>
        <time>2026-05-10T13:50:48.854Z</time>
      </trkpt>
      <trkpt lat="49.303988553944016" lon="19.921408217109498">
        <ele>1125.8068220367143</ele>
        <time>2026-05-10T13:51:01.380Z</time>
      </trkpt>
      <trkpt lat="49.304043904436924" lon="19.921786702923498">
        <ele>1124.8619186108936</ele>
        <time>2026-05-10T13:51:08.426Z</time>
      </trkpt>
      <trkpt lat="49.304043904436924" lon="19.921786702923498">
        <ele>1124.8619186108936</ele>
        <time>2026-05-10T13:51:08.426Z</time>
      </trkpt>
      <trkpt lat="49.304043904436924" lon="19.921786702923498">
        <ele>1124.8619186108936</ele>
        <time>2026-05-10T13:51:08.426Z</time>
      </trkpt>
      <trkpt lat="49.304182524272456" lon="19.92244273503757">
        <ele>1123.473668134453</ele>
        <time>2026-05-10T13:51:21.318Z</time>
      </trkpt>
      <trkpt lat="49.304321144107995" lon="19.923098767151643">
        <ele>1123.8074641984203</ele>
        <time>2026-05-10T13:51:34.210Z</time>
      </trkpt>
      <trkpt lat="49.30445976394353" lon="19.923754799265716">
        <ele>1123.2685787488253</ele>
        <time>2026-05-10T13:51:47.102Z</time>
      </trkpt>
      <trkpt lat="49.3045399101313" lon="19.924134099044807">
        <ele>1123.4099292938386</ele>
        <time>2026-05-10T13:51:54.555Z</time>
      </trkpt>
      <trkpt lat="49.30466181372375" lon="19.924797900511397">
        <ele>1124.3762425851207</ele>
        <time>2026-05-10T13:52:07.447Z</time>
      </trkpt>
      <trkpt lat="49.304783717316205" lon="19.925461701977987">
        <ele>1126.171143105936</ele>
        <time>2026-05-10T13:52:20.339Z</time>
      </trkpt>
      <trkpt lat="49.304905620908656" lon="19.926125503444577">
        <ele>1129.4562800133608</ele>
        <time>2026-05-10T13:52:33.231Z</time>
      </trkpt>
      <trkpt lat="49.30502752450111" lon="19.926789304911168">
        <ele>1130.5608180982247</ele>
        <time>2026-05-10T13:52:46.123Z</time>
      </trkpt>
      <trkpt lat="49.305149428093564" lon="19.927453106377758">
        <ele>1126.5077677088336</ele>
        <time>2026-05-10T13:52:59.015Z</time>
      </trkpt>
      <trkpt lat="49.305271331686015" lon="19.92811690784435">
        <ele>1125.8834707022188</ele>
        <time>2026-05-10T13:53:11.907Z</time>
      </trkpt>
      <trkpt lat="49.305282" lon="19.928175">
        <ele>1125.8348512295647</ele>
        <time>2026-05-10T13:53:13.035Z</time>
      </trkpt>
      <trkpt lat="49.305282" lon="19.928175">
        <ele>1125.5</ele>
        <time>2026-05-10T13:53:13.035Z</time>
      </trkpt>
      <trkpt lat="49.305282" lon="19.928175">
        <ele>1125.8348512295647</ele>
        <time>2026-05-10T13:53:21.513Z</time>
      </trkpt>
      <trkpt lat="49.30548266979479" lon="19.928792155430518">
        <ele>1125.4486767852866</ele>
        <time>2026-05-10T13:53:36.010Z</time>
      </trkpt>
      <trkpt lat="49.30568333958959" lon="19.929409310861036">
        <ele>1125.6128016749024</ele>
        <time>2026-05-10T13:53:50.507Z</time>
      </trkpt>
      <trkpt lat="49.305884009384386" lon="19.930026466291554">
        <ele>1123.744747030549</ele>
        <time>2026-05-10T13:54:05.004Z</time>
      </trkpt>
      <trkpt lat="49.30595450570874" lon="19.93024327614802">
        <ele>1123.1268174197764</ele>
        <time>2026-05-10T13:54:10.097Z</time>
      </trkpt>
      <trkpt lat="49.306025" lon="19.930487">
        <ele>1122.937647748366</ele>
        <time>2026-05-10T13:54:15.702Z</time>
      </trkpt>
      <trkpt lat="49.306025" lon="19.930487">
        <ele>1121.6</ele>
        <time>2026-05-10T13:54:15.702Z</time>
      </trkpt>
      <trkpt lat="49.306025" lon="19.930487">
        <ele>1122.937647748366</ele>
        <time>2026-05-10T13:54:15.702Z</time>
      </trkpt>
      <trkpt lat="49.306237385671096" lon="19.931094870076468">
        <ele>1122.1714123857469</ele>
        <time>2026-05-10T13:54:36.515Z</time>
      </trkpt>
      <trkpt lat="49.30630265191857" lon="19.93128166892518">
        <ele>1122.026004579477</ele>
        <time>2026-05-10T13:54:42.911Z</time>
      </trkpt>
      <trkpt lat="49.306473" lon="19.931809">
        <ele>1121.7627444619675</ele>
        <time>2026-05-10T13:55:00.672Z</time>
      </trkpt>
      <trkpt lat="49.306473" lon="19.931809">
        <ele>1120</ele>
        <time>2026-05-10T13:55:00.672Z</time>
      </trkpt>
      <trkpt lat="49.306473" lon="19.931809">
        <ele>1121.7627444619675</ele>
        <time>2026-05-10T13:55:04.113Z</time>
      </trkpt>
      <trkpt lat="49.30661362741239" lon="19.932200318769816">
        <ele>1122.4351007049913</ele>
        <time>2026-05-10T13:55:27.561Z</time>
      </trkpt>
      <trkpt lat="49.30661362741239" lon="19.932200318769816">
        <ele>1122.4351007049913</ele>
        <time>2026-05-10T13:55:27.561Z</time>
      </trkpt>
      <trkpt lat="49.30676667425371" lon="19.932834211255766">
        <ele>1121.5980698086682</ele>
        <time>2026-05-10T13:56:03.034Z</time>
      </trkpt>
      <trkpt lat="49.306937505093096" lon="19.933472160915535">
        <ele>1121.4223893304832</ele>
        <time>2026-05-10T13:56:39.226Z</time>
      </trkpt>
      <trkpt lat="49.30710833593248" lon="19.934110110575308">
        <ele>1119.9050191908623</ele>
        <time>2026-05-10T13:57:15.418Z</time>
      </trkpt>
      <trkpt lat="49.30727916677187" lon="19.934748060235076">
        <ele>1121.102503889521</ele>
        <time>2026-05-10T13:57:51.610Z</time>
      </trkpt>
      <trkpt lat="49.30742953578792" lon="19.93530959738476">
        <ele>1119.6346468094503</ele>
        <time>2026-05-10T13:58:23.467Z</time>
      </trkpt>
      <trkpt lat="49.30742953578792" lon="19.93530959738476">
        <ele>1119.6346468094503</ele>
        <time>2026-05-10T13:58:23.467Z</time>
      </trkpt>
      <trkpt lat="49.30742953578792" lon="19.93530959738476">
        <ele>1119.6346468094503</ele>
        <time>2026-05-10T13:58:23.467Z</time>
      </trkpt>
      <trkpt lat="49.307574326380234" lon="19.93565279918954">
        <ele>1119.3259010136405</ele>
        <time>2026-05-10T13:58:45.193Z</time>
      </trkpt>
      <trkpt lat="49.3074481506961" lon="19.935360625397294">
        <ele>1119.4739429102376</ele>
        <time>2026-05-10T13:59:03.818Z</time>
      </trkpt>
      <trkpt lat="49.3074481506961" lon="19.935360625397294">
        <ele>1119.4739429102376</ele>
        <time>2026-05-10T13:59:03.818Z</time>
      </trkpt>
      <trkpt lat="49.307271659667435" lon="19.934726308569477">
        <ele>1121.0746818523662</ele>
        <time>2026-05-10T13:59:22.653Z</time>
      </trkpt>
      <trkpt lat="49.30709516863876" lon="19.93409199174166">
        <ele>1119.8813074288078</ele>
        <time>2026-05-10T13:59:59.730Z</time>
      </trkpt>
      <trkpt lat="49.307059" lon="19.933962">
        <ele>1120.0525500488325</ele>
        <time>2026-05-10T14:00:07.328Z</time>
      </trkpt>
      <trkpt lat="49.307059" lon="19.933962">
        <ele>1118.1</ele>
        <time>2026-05-10T14:00:07.328Z</time>
      </trkpt>
      <trkpt lat="49.30697545095365" lon="19.933664168482036">
        <ele>1121.0263058689657</ele>
        <time>2026-05-10T14:15:44.742Z</time>
      </trkpt>
      <trkpt lat="49.306823" lon="19.933105">
        <ele>1121.7505649777604</ele>
        <time>2026-05-10T14:16:10.318Z</time>
      </trkpt>
      <trkpt lat="49.306823" lon="19.933105">
        <ele>1118.8</ele>
        <time>2026-05-10T14:16:10.318Z</time>
      </trkpt>
      <trkpt lat="49.306823" lon="19.933105">
        <ele>1121.7505649777604</ele>
        <time>2026-05-10T14:16:10.318Z</time>
      </trkpt>
      <trkpt lat="49.306754244071044" lon="19.932777017948496">
        <ele>1121.6631236169492</ele>
        <time>2026-05-10T14:16:19.071Z</time>
      </trkpt>
      <trkpt lat="49.30658612156355" lon="19.932137383810318">
        <ele>1122.1273503736254</ele>
        <time>2026-05-10T14:16:36.592Z</time>
      </trkpt>
      <trkpt lat="49.30655380694378" lon="19.932014440521698">
        <ele>1121.8395366918721</ele>
        <time>2026-05-10T14:16:39.959Z</time>
      </trkpt>
      <trkpt lat="49.30655380694378" lon="19.932014440521698">
        <ele>1121.8395366918721</ele>
        <time>2026-05-10T14:16:39.959Z</time>
      </trkpt>
      <trkpt lat="49.30655380694378" lon="19.932014440521698">
        <ele>1121.8395366918721</ele>
        <time>2026-05-10T14:16:39.959Z</time>
      </trkpt>
      <trkpt lat="49.30634577201471" lon="19.931403040790464">
        <ele>1122.1629234337552</ele>
        <time>2026-05-10T14:16:57.319Z</time>
      </trkpt>
      <trkpt lat="49.306137737085635" lon="19.93079164105923">
        <ele>1122.5122248499702</ele>
        <time>2026-05-10T14:17:14.679Z</time>
      </trkpt>
      <trkpt lat="49.30592970215656" lon="19.930180241327996">
        <ele>1123.2689002732757</ele>
        <time>2026-05-10T14:17:32.039Z</time>
      </trkpt>
      <trkpt lat="49.30590751536792" lon="19.93011503594795">
        <ele>1123.4114043112554</ele>
        <time>2026-05-10T14:17:34.312Z</time>
      </trkpt>
      <trkpt lat="49.30590751536792" lon="19.93011503594795">
        <ele>1123.4114043112554</ele>
        <time>2026-05-10T14:17:34.312Z</time>
      </trkpt>
      <trkpt lat="49.30585983394701" lon="19.929982556402223">
        <ele>1123.942818052868</ele>
        <time>2026-05-10T14:17:37.970Z</time>
      </trkpt>
      <trkpt lat="49.30585983394701" lon="19.929982556402223">
        <ele>1123.942818052868</ele>
        <time>2026-05-10T14:17:37.970Z</time>
      </trkpt>
      <trkpt lat="49.305728068165735" lon="19.92953860164843">
        <ele>1125.5260718985771</ele>
        <time>2026-05-10T14:17:49.762Z</time>
      </trkpt>
      <trkpt lat="49.30553411482398" lon="19.928916418552063">
        <ele>1125.413576601866</ele>
        <time>2026-05-10T14:18:06.434Z</time>
      </trkpt>
      <trkpt lat="49.30534016148221" lon="19.92829423545569">
        <ele>1125.799858412008</ele>
        <time>2026-05-10T14:18:23.106Z</time>
      </trkpt>
      <trkpt lat="49.30514620814046" lon="19.927672052359323">
        <ele>1125.9978180515113</ele>
        <time>2026-05-10T14:18:39.779Z</time>
      </trkpt>
      <trkpt lat="49.305072" lon="19.927434">
        <ele>1126.168816252892</ele>
        <time>2026-05-10T14:18:46.158Z</time>
      </trkpt>
      <trkpt lat="49.305072" lon="19.927434">
        <ele>1125.4</ele>
        <time>2026-05-10T14:18:46.158Z</time>
      </trkpt>
      <trkpt lat="49.305072" lon="19.927434">
        <ele>1126.168816252892</ele>
        <time>2026-05-10T14:18:46.158Z</time>
      </trkpt>
      <trkpt lat="49.30497202503881" lon="19.926761634544143">
        <ele>1130.170896270555</ele>
        <time>2026-05-10T14:18:57.044Z</time>
      </trkpt>
      <trkpt lat="49.304872050077606" lon="19.926089269088287">
        <ele>1129.3651714625769</ele>
        <time>2026-05-10T14:19:07.930Z</time>
      </trkpt>
      <trkpt lat="49.30477207511641" lon="19.925416903632428">
        <ele>1126.0561038589883</ele>
        <time>2026-05-10T14:19:18.816Z</time>
      </trkpt>
      <trkpt lat="49.304672100155216" lon="19.92474453817657">
        <ele>1124.5108489296374</ele>
        <time>2026-05-10T14:19:29.702Z</time>
      </trkpt>
      <trkpt lat="49.30460543292412" lon="19.924296178480404">
        <ele>1124.154741722838</ele>
        <time>2026-05-10T14:19:36.961Z</time>
      </trkpt>
      <trkpt lat="49.30447302887801" lon="19.92363713075829">
        <ele>1124.1548023493508</ele>
        <time>2026-05-10T14:19:47.847Z</time>
      </trkpt>
      <trkpt lat="49.30436543347835" lon="19.923101569307278">
        <ele>1124.9819901806318</ele>
        <time>2026-05-10T14:19:56.693Z</time>
      </trkpt>
      <trkpt lat="49.30436543347835" lon="19.923101569307278">
        <ele>1124.9819901806318</ele>
        <time>2026-05-10T14:19:56.693Z</time>
      </trkpt>
      <trkpt lat="49.304317" lon="19.92298">
        <ele>1124.4341760090792</ele>
        <time>2026-05-10T14:19:59.054Z</time>
      </trkpt>
      <trkpt lat="49.304317" lon="19.92298">
        <ele>1122.4</ele>
        <time>2026-05-10T14:19:59.054Z</time>
      </trkpt>
      <trkpt lat="49.304036" lon="19.921792">
        <ele>1124.2</ele>
        <time>2026-05-10T14:20:27.301Z</time>
      </trkpt>
      <trkpt lat="49.304036" lon="19.921792">
        <ele>1124.7807373428718</ele>
        <time>2026-05-10T14:20:27.301Z</time>
      </trkpt>
      <trkpt lat="49.30394649919081" lon="19.921116184451375">
        <ele>1126.8157964981704</ele>
        <time>2026-05-10T14:20:42.715Z</time>
      </trkpt>
      <trkpt lat="49.30385699838162" lon="19.92044036890275">
        <ele>1130.8193051574763</ele>
        <time>2026-05-10T14:20:58.129Z</time>
      </trkpt>
      <trkpt lat="49.30384428068851" lon="19.920344338321314">
        <ele>1131.3226328586238</ele>
        <time>2026-05-10T14:21:00.319Z</time>
      </trkpt>
      <trkpt lat="49.30372828355309" lon="19.919678067266897">
        <ele>1131.8306360703439</ele>
        <time>2026-05-10T14:21:15.733Z</time>
      </trkpt>
      <trkpt lat="49.303718" lon="19.919619">
        <ele>1131.7321228289984</ele>
        <time>2026-05-10T14:21:17.099Z</time>
      </trkpt>
      <trkpt lat="49.303718" lon="19.919619">
        <ele>1129.7</ele>
        <time>2026-05-10T14:21:17.099Z</time>
      </trkpt>
      <trkpt lat="49.303665" lon="19.918356">
        <ele>1126.7</ele>
        <time>2026-05-10T14:21:34.371Z</time>
      </trkpt>
      <trkpt lat="49.303806" lon="19.914598">
        <ele>1120.8</ele>
        <time>2026-05-10T14:22:29.371Z</time>
      </trkpt>
      <trkpt lat="49.303714" lon="19.913022">
        <ele>1123.4</ele>
        <time>2026-05-10T14:22:55.371Z</time>
      </trkpt>
      <trkpt lat="49.30368" lon="19.911606">
        <ele>1127</ele>
        <time>2026-05-10T14:23:23.371Z</time>
      </trkpt>
      <trkpt lat="49.303291" lon="19.911346">
        <ele>1127.4</ele>
        <time>2026-05-10T14:23:38.371Z</time>
      </trkpt>
      <trkpt lat="49.302895" lon="19.911272">
        <ele>1122.7</ele>
        <time>2026-05-10T14:23:48.371Z</time>
      </trkpt>
      <trkpt lat="49.302086" lon="19.910883">
        <ele>1111.3</ele>
        <time>2026-05-10T14:24:06.371Z</time>
      </trkpt>
      <trkpt lat="49.301377" lon="19.910227">
        <ele>1101.9</ele>
        <time>2026-05-10T14:24:21.371Z</time>
      </trkpt>
      <trkpt lat="49.30037" lon="19.909636">
        <ele>1090.9</ele>
        <time>2026-05-10T14:24:40.371Z</time>
      </trkpt>
      <trkpt lat="49.298933" lon="19.90938">
        <ele>1074</ele>
        <time>2026-05-10T14:25:04.371Z</time>
      </trkpt>
      <trkpt lat="49.298204" lon="19.90898">
        <ele>1065.8</ele>
        <time>2026-05-10T14:25:15.371Z</time>
      </trkpt>
      <trkpt lat="49.297492" lon="19.908033">
        <ele>1054.5</ele>
        <time>2026-05-10T14:25:30.371Z</time>
      </trkpt>
      <trkpt lat="49.297356" lon="19.907663">
        <ele>1051</ele>
        <time>2026-05-10T14:25:35.371Z</time>
      </trkpt>
      <trkpt lat="49.297242" lon="19.906411">
        <ele>1042.2</ele>
        <time>2026-05-10T14:25:45.371Z</time>
      </trkpt>
      <trkpt lat="49.297395" lon="19.904597">
        <ele>1041.7</ele>
        <time>2026-05-10T14:26:01.371Z</time>
      </trkpt>
      <trkpt lat="49.29723" lon="19.903314">
        <ele>1038.6</ele>
        <time>2026-05-10T14:26:17.371Z</time>
      </trkpt>
      <trkpt lat="49.29695" lon="19.903088">
        <ele>1033.5</ele>
        <time>2026-05-10T14:26:25.371Z</time>
      </trkpt>
      <trkpt lat="49.295908" lon="19.903159">
        <ele>1018.1</ele>
        <time>2026-05-10T14:26:46.371Z</time>
      </trkpt>
      <trkpt lat="49.295619" lon="19.903103">
        <ele>1013.8</ele>
        <time>2026-05-10T14:26:51.371Z</time>
      </trkpt>
      <trkpt lat="49.295145" lon="19.902658">
        <ele>1006.8</ele>
        <time>2026-05-10T14:26:58.371Z</time>
      </trkpt>
      <trkpt lat="49.294782" lon="19.901869">
        <ele>1001.9</ele>
        <time>2026-05-10T14:27:06.371Z</time>
      </trkpt>
      <trkpt lat="49.294558" lon="19.901689">
        <ele>999.6</ele>
        <time>2026-05-10T14:27:10.371Z</time>
      </trkpt>
      <trkpt lat="49.293272" lon="19.90202">
        <ele>983.4</ele>
        <time>2026-05-10T14:27:30.371Z</time>
      </trkpt>
      <trkpt lat="49.293028" lon="19.90197">
        <ele>981.1</ele>
        <time>2026-05-10T14:27:34.371Z</time>
      </trkpt>
      <trkpt lat="49.292788" lon="19.901459">
        <ele>977.4</ele>
        <time>2026-05-10T14:27:41.371Z</time>
      </trkpt>
      <trkpt lat="49.292642" lon="19.899907">
        <ele>967.8</ele>
        <time>2026-05-10T14:27:56.371Z</time>
      </trkpt>
      <trkpt lat="49.292127" lon="19.899297">
        <ele>960.1</ele>
        <time>2026-05-10T14:28:09.371Z</time>
      </trkpt>
      <trkpt lat="49.29157" lon="19.898921">
        <ele>954.3</ele>
        <time>2026-05-10T14:28:26.371Z</time>
      </trkpt>
      <trkpt lat="49.291243" lon="19.899573">
        <ele>953.4</ele>
        <time>2026-05-10T14:28:37.371Z</time>
      </trkpt>
      <trkpt lat="49.290631" lon="19.90099">
        <ele>951</ele>
        <time>2026-05-10T14:28:57.371Z</time>
      </trkpt>
      <trkpt lat="49.290485" lon="19.901713">
        <ele>949.9</ele>
        <time>2026-05-10T14:29:06.371Z</time>
      </trkpt>
      <trkpt lat="49.290541" lon="19.902133">
        <ele>949.2</ele>
        <time>2026-05-10T14:29:11.371Z</time>
      </trkpt>
      <trkpt lat="49.291076" lon="19.903793">
        <ele>942.8</ele>
        <time>2026-05-10T14:29:28.371Z</time>
      </trkpt>
      <trkpt lat="49.291191" lon="19.904483">
        <ele>939.4</ele>
        <time>2026-05-10T14:29:35.371Z</time>
      </trkpt>
      <trkpt lat="49.291146" lon="19.905301">
        <ele>935.1</ele>
        <time>2026-05-10T14:29:43.371Z</time>
      </trkpt>
      <trkpt lat="49.290919" lon="19.905863">
        <ele>931.8</ele>
        <time>2026-05-10T14:29:49.371Z</time>
      </trkpt>
      <trkpt lat="49.290741" lon="19.90671">
        <ele>928.2</ele>
        <time>2026-05-10T14:29:59.371Z</time>
      </trkpt>
      <trkpt lat="49.290936" lon="19.907794">
        <ele>921.9</ele>
        <time>2026-05-10T14:30:10.371Z</time>
      </trkpt>
      <trkpt lat="49.291384" lon="19.90917">
        <ele>913.4</ele>
        <time>2026-05-10T14:30:26.371Z</time>
      </trkpt>
      <trkpt lat="49.291484" lon="19.910266">
        <ele>909.3</ele>
        <time>2026-05-10T14:30:34.371Z</time>
      </trkpt>
      <trkpt lat="49.291445" lon="19.911307">
        <ele>905.7</ele>
        <time>2026-05-10T14:30:42.371Z</time>
      </trkpt>
      <trkpt lat="49.290955" lon="19.914594">
        <ele>899.7</ele>
        <time>2026-05-10T14:31:12.371Z</time>
      </trkpt>
      <trkpt lat="49.290803" lon="19.915231">
        <ele>899.5</ele>
        <time>2026-05-10T14:31:19.371Z</time>
      </trkpt>
      <trkpt lat="49.290585" lon="19.91585">
        <ele>898.8</ele>
        <time>2026-05-10T14:31:27.371Z</time>
      </trkpt>
      <trkpt lat="49.289283" lon="19.918634">
        <ele>890.8</ele>
        <time>2026-05-10T14:32:02.371Z</time>
      </trkpt>
      <trkpt lat="49.289165" lon="19.919178">
        <ele>889.2</ele>
        <time>2026-05-10T14:32:07.371Z</time>
      </trkpt>
      <trkpt lat="49.289222" lon="19.919802">
        <ele>887.7</ele>
        <time>2026-05-10T14:32:13.371Z</time>
      </trkpt>
      <trkpt lat="49.291214" lon="19.924753">
        <ele>864.7</ele>
        <time>2026-05-10T14:33:00.371Z</time>
      </trkpt>
      <trkpt lat="49.292195" lon="19.928336">
        <ele>863.7</ele>
        <time>2026-05-10T14:33:42.371Z</time>
      </trkpt>
      <trkpt lat="49.293245" lon="19.931956">
        <ele>856</ele>
        <time>2026-05-10T14:34:21.371Z</time>
      </trkpt>
      <trkpt lat="49.293733" lon="19.934323">
        <ele>850.5</ele>
        <time>2026-05-10T14:34:44.371Z</time>
      </trkpt>
      <trkpt lat="49.294009" lon="19.936062">
        <ele>848.9</ele>
        <time>2026-05-10T14:35:01.371Z</time>
      </trkpt>
      <trkpt lat="49.29504" lon="19.939309">
        <ele>845.4</ele>
        <time>2026-05-10T14:35:40.371Z</time>
      </trkpt>
      <trkpt lat="49.295741" lon="19.942013">
        <ele>838.3</ele>
        <time>2026-05-10T14:36:10.371Z</time>
      </trkpt>
      <trkpt lat="49.29605" lon="19.943737">
        <ele>827.7</ele>
        <time>2026-05-10T14:36:27.371Z</time>
      </trkpt>
      <trkpt lat="49.295968" lon="19.944111">
        <ele>827.1</ele>
        <time>2026-05-10T14:36:35.371Z</time>
      </trkpt>
      <trkpt lat="49.296039" lon="19.944505">
        <ele>826.6</ele>
        <time>2026-05-10T14:36:45.371Z</time>
      </trkpt>
      <trkpt lat="49.296467" lon="19.945565">
        <ele>824.4</ele>
        <time>2026-05-10T14:37:02.371Z</time>
      </trkpt>
      <trkpt lat="49.29683" lon="19.946201">
        <ele>823.2</ele>
        <time>2026-05-10T14:37:11.371Z</time>
      </trkpt>
      <trkpt lat="49.299092" lon="19.948599">
        <ele>821.3</ele>
        <time>2026-05-10T14:38:09.371Z</time>
      </trkpt>
      <trkpt lat="49.298941" lon="19.949127">
        <ele>820.6</ele>
        <time>2026-05-10T14:38:25.371Z</time>
      </trkpt>
      <trkpt lat="49.299064" lon="19.949373">
        <ele>821.1</ele>
        <time>2026-05-10T14:38:29.371Z</time>
      </trkpt>
      <trkpt lat="49.299273" lon="19.950476">
        <ele>824</ele>
        <time>2026-05-10T14:38:50.371Z</time>
      </trkpt>
      <trkpt lat="49.299467" lon="19.951072">
        <ele>824.9</ele>
        <time>2026-05-10T14:39:02.371Z</time>
      </trkpt>
      <trkpt lat="49.299454" lon="19.951417">
        <ele>825</ele>
        <time>2026-05-10T14:39:08.371Z</time>
      </trkpt>
      <trkpt lat="49.299323" lon="19.95182">
        <ele>825.4</ele>
        <time>2026-05-10T14:39:29.371Z</time>
      </trkpt>
      <trkpt lat="49.299344" lon="19.952387">
        <ele>826</ele>
        <time>2026-05-10T14:39:54.371Z</time>
      </trkpt>
      <trkpt lat="49.298795" lon="19.952268">
        <ele>826.6</ele>
        <time>2026-05-10T14:40:08.371Z</time>
      </trkpt>
      <trkpt lat="49.298051" lon="19.952675">
        <ele>828.6</ele>
        <time>2026-05-10T14:40:32.371Z</time>
      </trkpt>
      <trkpt lat="49.298025" lon="19.952824">
        <ele>828.8</ele>
        <time>2026-05-10T14:40:36.371Z</time>
      </trkpt>
      <trkpt lat="49.298219" lon="19.95348">
        <ele>829.5</ele>
        <time>2026-05-10T14:40:49.371Z</time>
      </trkpt>
      <trkpt lat="49.298162" lon="19.954304">
        <ele>831</ele>
        <time>2026-05-10T14:41:05.371Z</time>
      </trkpt>
      <trkpt lat="49.297793" lon="19.954625">
        <ele>832.6</ele>
        <time>2026-05-10T14:41:18.371Z</time>
      </trkpt>
      <trkpt lat="49.297515" lon="19.955332">
        <ele>834.5</ele>
        <time>2026-05-10T14:41:36.371Z</time>
      </trkpt>
      <trkpt lat="49.297097" lon="19.955524">
        <ele>836.5</ele>
        <time>2026-05-10T14:41:50.371Z</time>
      </trkpt>
      <trkpt lat="49.296833" lon="19.955904">
        <ele>837.4</ele>
        <time>2026-05-10T14:41:57.776Z</time>
      </trkpt>
      <trkpt lat="49.296833" lon="19.955904">
        <ele>836.9266504533603</ele>
        <time>2026-05-10T14:41:57.776Z</time>
      </trkpt>
      <trkpt lat="49.29675896712692" lon="19.955947071113457">
        <ele>837.113623298123</ele>
        <time>2026-05-10T14:41:59.395Z</time>
      </trkpt>
      <trkpt lat="49.296859" lon="19.955845">
        <ele>836.7891704889026</ele>
        <time>2026-05-10T14:42:01.852Z</time>
      </trkpt>
      <trkpt lat="49.296859" lon="19.955845">
        <ele>837.3</ele>
        <time>2026-05-10T14:42:01.852Z</time>
      </trkpt>
      <trkpt lat="49.296916" lon="19.955902">
        <ele>837.3</ele>
        <time>2026-05-10T14:57:19.371Z</time>
      </trkpt>
      <trkpt lat="49.298121" lon="19.957674">
        <ele>835.6</ele>
        <time>2026-05-10T14:58:23.371Z</time>
      </trkpt>
      <trkpt lat="49.29846" lon="19.958304">
        <ele>835.3</ele>
        <time>2026-05-10T14:58:45.371Z</time>
      </trkpt>
      <trkpt lat="49.298967" lon="19.959527">
        <ele>836.2</ele>
        <time>2026-05-10T14:59:24.371Z</time>
      </trkpt>
      <trkpt lat="49.299377" lon="19.960617">
        <ele>836.8</ele>
        <time>2026-05-10T14:59:47.371Z</time>
      </trkpt>
      <trkpt lat="49.29958" lon="19.961331">
        <ele>836.4</ele>
        <time>2026-05-10T15:00:26.371Z</time>
      </trkpt>
      <trkpt lat="49.299647" lon="19.961677">
        <ele>836.7</ele>
        <time>2026-05-10T15:00:32.371Z</time>
      </trkpt>
      <trkpt lat="49.299812" lon="19.961792">
        <ele>836.7</ele>
        <time>2026-05-10T15:00:37.371Z</time>
      </trkpt>
      <trkpt lat="49.300044" lon="19.961632">
        <ele>835.8</ele>
        <time>2026-05-10T15:00:43.371Z</time>
      </trkpt>
      <trkpt lat="49.300101" lon="19.961686">
        <ele>835.8</ele>
        <time>2026-05-10T15:00:48.371Z</time>
      </trkpt>
      <trkpt lat="49.299993" lon="19.96201">
        <ele>836.7</ele>
        <time>2026-05-10T15:01:48.371Z</time>
      </trkpt>
    </trkseg>
  </trk>
</gpx>
